engine,engineLabel,manufacturerLabel,countryLabel,basedOnLabel,cylinders,fuelOrCoolantLabel
http://www.wikidata.org/entity/Q106620985,Q106620985,Horch,Германия,,8,жидкая вода
http://www.wikidata.org/entity/Q131357998,Q131357998,Volvo Penta,Швеция,,6,
http://www.wikidata.org/entity/Q133886954,Q133886954,Volvo Penta,Швеция,,6,
http://www.wikidata.org/entity/Q134479603,Q134479603,Electro-Motive Diesel,США,,16,
http://www.wikidata.org/entity/Q25399814,Q25399814,Avia,Чехия,,9,
http://www.wikidata.org/entity/Q3809437,Q3809437,Mitsubishi Heavy Industries,Япония,,18,воздух
http://www.wikidata.org/entity/Q3814053,Q3814053,Kawasaki Heavy Industries,Япония,,12,
http://www.wikidata.org/entity/Q3854904,Q3854904,Daimler-Benz,Германия,,,
http://www.wikidata.org/entity/Q3960205,Q3960205,Siemens & Halske,Германия,,9,
http://www.wikidata.org/entity/Q79479480,Q79479480,Mercedes-Benz,Германия,,4,
http://www.wikidata.org/entity/Q123589764,1.5 L Dual VVT-i 16 V DOHC Flex Toyota engine,Toyota,Япония,,,
http://www.wikidata.org/entity/Q12379756,11D428,Конструкторское бюро химического машиностроения им. А. М. Исаева,Россия,,,
http://www.wikidata.org/entity/Q12379757,11D430,Конструкторское бюро химического машиностроения им. А. М. Исаева,Россия,,,
http://www.wikidata.org/entity/Q12379759,11D445,Конструкторское бюро химического машиностроения им. А. М. Исаева,Россия,,,
http://www.wikidata.org/entity/Q25508253,11D446,Конструкторское бюро химического машиностроения им. А. М. Исаева,Россия,,,
http://www.wikidata.org/entity/Q12379766,17D58E,Конструкторское бюро химического машиностроения им. А. М. Исаева,Россия,,,
http://www.wikidata.org/entity/Q20949780,"4 VD 14,5/12-1 SRW",Schlepperwerk Nordhausen,ГДР,,,
http://www.wikidata.org/entity/Q5642549,A-7,Hall-Scott,США,,,
http://www.wikidata.org/entity/Q1174182,A.12,Fiat Aviazione,Италия,,6,жидкость
http://www.wikidata.org/entity/Q2262944,A1B reactor,Bechtel,США,,,
http://www.wikidata.org/entity/Q4650149,ABC Dragonfly,ABC Motors,Великобритания,,,воздух
http://www.wikidata.org/entity/Q4650229,ABC Scorpion,ABC Motors,Великобритания,,,воздух
http://www.wikidata.org/entity/Q15052138,AI-14R,ЗМКБ «Прогресс» им. академика А. Г. Ивченко,Украина,,9,
http://www.wikidata.org/entity/Q106295316,AI-14V,ЗМКБ «Прогресс» им. академика А. Г. Ивченко,Украина,,9,
http://www.wikidata.org/entity/Q106295325,AI-26GR,ЗМКБ «Прогресс» им. академика А. Г. Ивченко,Украина,,7,
http://www.wikidata.org/entity/Q22001987,AJ-60A,Aerojet Rocketdyne,США,,,
http://www.wikidata.org/entity/Q134974446,AJ10-118K,Аэроджет,США,,,
http://www.wikidata.org/entity/Q134974446,AJ10-118K,Aerojet Rocketdyne,США,,,
http://www.wikidata.org/entity/Q134974783,AJ10-137,Аэроджет,США,,,
http://www.wikidata.org/entity/Q135224532,AJ10-138,Аэроджет,США,,,
http://www.wikidata.org/entity/Q135011689,AJ10-190,Аэроджет,США,,,
http://www.wikidata.org/entity/Q134479198,ALCO 12-251B,American Locomotive Company,США,,,
http://www.wikidata.org/entity/Q25323833,ALCO 241,American Locomotive Company,США,,,
http://www.wikidata.org/entity/Q25323835,ALCO 244,American Locomotive Company,США,,,
http://www.wikidata.org/entity/Q4652261,ALCO 251,American Locomotive Company,США,,,
http://www.wikidata.org/entity/Q117844249,Adwen AD 5-116,Adwen,Германия,,,
http://www.wikidata.org/entity/Q116009890,Adwen AD 5-135,Adwen,Германия,,,
http://www.wikidata.org/entity/Q126691025,Aeon 1,Relativity Space,США,,,
http://www.wikidata.org/entity/Q126691026,Aeon R,Relativity Space,США,,,
http://www.wikidata.org/entity/Q16840,Aestus,EADS Astrium,Франция,,,
http://www.wikidata.org/entity/Q4696558,Aichi AC-1,Aichi,Япония,,,воздух
http://www.wikidata.org/entity/Q3607059,Aichi Atsuta,Aichi,Япония,,12,
http://www.wikidata.org/entity/Q9144660,Alcor,Аэроджет,США,,,
http://www.wikidata.org/entity/Q3610941,Alfa 125 R.C.35,Alfa Romeo Avio,Италия,,9,воздух
http://www.wikidata.org/entity/Q15149969,Alfa 127 R.C.55,Alfa Romeo Avio,Италия,,9,воздух
http://www.wikidata.org/entity/Q3610953,Alfa 128 R.C.21,Alfa Romeo Avio,Италия,,9,воздух
http://www.wikidata.org/entity/Q3735522,Alfa Romeo 110,Alfa Romeo Avio,Италия,,4,воздух
http://www.wikidata.org/entity/Q15131311,Alfa Romeo 110-1,Alfa Romeo,Италия,,4,воздух
http://www.wikidata.org/entity/Q15133784,Alfa Romeo 115-1,Alfa Romeo Avio,Италия,,6,воздух
http://www.wikidata.org/entity/Q15133797,Alfa Romeo 115bis,Alfa Romeo Avio,Италия,,6,воздух
http://www.wikidata.org/entity/Q15133813,Alfa Romeo 115ter,Alfa Romeo Avio,Италия,,6,воздух
http://www.wikidata.org/entity/Q4721828,Alfa Romeo 121,Alfa Romeo,Италия,,8,воздух
http://www.wikidata.org/entity/Q3610948,Alfa Romeo 126 R.C.34,Alfa Romeo Avio,Италия,,9,воздух
http://www.wikidata.org/entity/Q5955145,Alfa Romeo Jupiter,Alfa Romeo Avio,Италия,,9,воздух
http://www.wikidata.org/entity/Q1780801,Allison 250,Аллисон,США,,,
http://www.wikidata.org/entity/Q18130418,Allison 250-B15G,Аллисон,США,,,
http://www.wikidata.org/entity/Q106295398,Allison 250-B17,Аллисон,США,,,
http://www.wikidata.org/entity/Q18130425,Allison 250-B17B,Аллисон,США,,,
http://www.wikidata.org/entity/Q17404919,Allison 250-C18B,Аллисон,США,,,
http://www.wikidata.org/entity/Q17404928,Allison 250-C20,Аллисон,США,,,
http://www.wikidata.org/entity/Q17404932,Allison 250-C20B,Аллисон,США,,,
http://www.wikidata.org/entity/Q17407550,Allison 250-C20F,Аллисон,США,,,
http://www.wikidata.org/entity/Q106295586,Allison 250-C20W,Rolls-Royce,Великобритания,,,
http://www.wikidata.org/entity/Q106295586,Allison 250-C20W,Аллисон,США,,,
http://www.wikidata.org/entity/Q17404938,Allison 250-C30B,Аллисон,США,,,
http://www.wikidata.org/entity/Q106295607,Allison 250-C47E,Аллисон,США,,,
http://www.wikidata.org/entity/Q1710103,Allison 501 family,Аллисон,США,,,
http://www.wikidata.org/entity/Q106295621,Allison 501-D22C,Аллисон,США,,,
http://www.wikidata.org/entity/Q4732833,Allison T40,Аллисон,США,,,
http://www.wikidata.org/entity/Q4732842,Allison V-3420,Аллисон,США,,24,
http://www.wikidata.org/entity/Q71219166,Alstom GT13E2,General Electric,США,,,
http://www.wikidata.org/entity/Q71219166,Alstom GT13E2,Alstom,Франция,,,
http://www.wikidata.org/entity/Q4778438,Anzani 10-cylinder,Anzani,Италия,,10,
http://www.wikidata.org/entity/Q4778438,Anzani 10-cylinder,Anzani,Франция,,10,
http://www.wikidata.org/entity/Q4778438,Anzani 10-cylinder,Anzani,Великобритания,,10,
http://www.wikidata.org/entity/Q4778440,Anzani 3-cylinder fan engines,Anzani,Италия,,3,
http://www.wikidata.org/entity/Q4778440,Anzani 3-cylinder fan engines,Anzani,Франция,,3,
http://www.wikidata.org/entity/Q4778440,Anzani 3-cylinder fan engines,Anzani,Великобритания,,3,
http://www.wikidata.org/entity/Q109888137,Archimedes,Rocket Lab,США,,,
http://www.wikidata.org/entity/Q110273286,Archimedes Vacuum,Rocket Lab,США,,,
http://www.wikidata.org/entity/Q116009773,Areva M5000-116,Adwen,Германия,,,
http://www.wikidata.org/entity/Q2861087,Argus As II,Argus Motoren,Германия,,6,
http://www.wikidata.org/entity/Q2861087,Argus As II,Argus Motoren,Германский рейх,,6,
http://www.wikidata.org/entity/Q17183264,Argus As III,Argus Motoren,Германия,Argus As II,6,
http://www.wikidata.org/entity/Q17183264,Argus As III,Argus Motoren,Германский рейх,Argus As II,6,
http://www.wikidata.org/entity/Q4793982,Armstrong Siddeley Mamba,Armstrong Siddeley,Великобритания,,,
http://www.wikidata.org/entity/Q1782613,Artouste,Турбомека,Франция,,,
http://www.wikidata.org/entity/Q18288446,Asso 1000,Isotta Fraschini,Италия,,16,
http://www.wikidata.org/entity/Q3803326,Asso 200,Isotta Fraschini,Италия,,6,жидкая вода
http://www.wikidata.org/entity/Q3803330,Asso 500,Isotta Fraschini,Италия,,12,
http://www.wikidata.org/entity/Q3803328,Asso 750,Isotta Fraschini,Италия,,,
http://www.wikidata.org/entity/Q3803332,Asso Caccia,Isotta Fraschini,Италия,,12,воздух
http://www.wikidata.org/entity/Q369433,Asso IX,Isotta Fraschini,Италия,,12,
http://www.wikidata.org/entity/Q824609,Astazou,Rolls-Royce,Великобритания,,,
http://www.wikidata.org/entity/Q824609,Astazou,Агуста,Италия,,,
http://www.wikidata.org/entity/Q824609,Astazou,Турбомека,Франция,,,
http://www.wikidata.org/entity/Q20909717,Austro Engine AE50R,Austro Engine,Австрия,,,
http://www.wikidata.org/entity/Q4825572,Austro Engine E4,Austro Engine,Австрия,,4,
http://www.wikidata.org/entity/Q783801,Austro-Daimler 6,Austro-Daimler,Австрия,,6,жидкая вода
http://www.wikidata.org/entity/Q15153373,Avia 8Fb,Avia,Чехия,,8,жидкость
http://www.wikidata.org/entity/Q1258445,Avia M 332,Avia,Чехия,,4,воздух
http://www.wikidata.org/entity/Q1258445,Avia M 332,Walter Aircraft Engines,Чехия,,4,воздух
http://www.wikidata.org/entity/Q1258445,Avia M 332,LOM Praha,Чехия,,4,воздух
http://www.wikidata.org/entity/Q4828506,Avia M 337,Walter Aircraft Engines,Чехия,,,
http://www.wikidata.org/entity/Q15012271,Avia Vr.36,Avia,Чехия,,12,жидкость
http://www.wikidata.org/entity/Q124004532,B&W 6DKRN74,Бурмейстер и Вайн,Дания,,,
http://www.wikidata.org/entity/Q126174474,B&W Alpha 49VO,Бурмейстер и Вайн,Дания,,5,
http://www.wikidata.org/entity/Q116009664,BARD 5.0,BARD Holding,Германия,,,
http://www.wikidata.org/entity/Q109512569,BE-3U,Blue Origin,США,,,
http://www.wikidata.org/entity/Q65138598,BE-7,Blue Origin,США,,,
http://www.wikidata.org/entity/Q4835940,BMC A-Series engine,British Motor Corporation,Великобритания,,4,жидкая вода
http://www.wikidata.org/entity/Q4835940,BMC A-Series engine,Austin Motor Company,Марокко,,4,жидкая вода
http://www.wikidata.org/entity/Q4835940,BMC A-Series engine,British Leyland Motor Corporation,Великобритания,,4,жидкая вода
http://www.wikidata.org/entity/Q4835940,BMC A-Series engine,Rover Group,Великобритания,,4,жидкая вода
http://www.wikidata.org/entity/Q15222952,BMW 132Dc,Q26678,Германия,,9,воздух
http://www.wikidata.org/entity/Q113186768,BMW 132K,Q26678,Германия,,,
http://www.wikidata.org/entity/Q15222960,BMW 132T,Q26678,Германия,,9,воздух
http://www.wikidata.org/entity/Q3631943,BMW Hornet,Q26678,Германия,,9,
http://www.wikidata.org/entity/Q796517,BMW IIIa,Q26678,Германия,,6,жидкая вода
http://www.wikidata.org/entity/Q110040968,BMW N62 4.8-litre engine,Q26678,Германия,,,
http://www.wikidata.org/entity/Q3632115,BMW V,Q26678,Германия,,,
http://www.wikidata.org/entity/Q17177324,BT-4,IHI Aerospace,Япония,,,
http://www.wikidata.org/entity/Q30262122,Baldwin 606A,Baldwin Locomotive Works,США,,,
http://www.wikidata.org/entity/Q9644509,Baldwin 608A,Baldwin Locomotive Works,США,,,
http://www.wikidata.org/entity/Q4876668,Beardmore 120 hp,William Beardmore and Company,Великобритания,,,жидкая вода
http://www.wikidata.org/entity/Q4876666,Beardmore 160 hp,Crossley Motors,Великобритания,,,жидкая вода
http://www.wikidata.org/entity/Q9383085,Bell Model 8048,Bell Aircraft,США,,,
http://www.wikidata.org/entity/Q9383087,Bell Model 8081,Bell Aircraft,США,,,
http://www.wikidata.org/entity/Q21449565,Bell Model 8096,Bell Aircraft,США,,,
http://www.wikidata.org/entity/Q58939463,Bell Solar Battery,Лаборатории Белла,США,,,
http://www.wikidata.org/entity/Q3508301,Bentley BR1,Humber,Великобритания,,,воздух
http://www.wikidata.org/entity/Q917913,Bristol Centaurus,«Бристоль»,Великобритания,,18,
http://www.wikidata.org/entity/Q71018069,CAT 16CM32C,Caterpillar,США,,,
http://www.wikidata.org/entity/Q136650998,CE-1,Inversion Space,США,,,
http://www.wikidata.org/entity/Q4272906,CE-20,Hindustan Aeronautics,Индия,,,
http://www.wikidata.org/entity/Q116194998,CJ610-6,GE Aviation,США,,,
http://www.wikidata.org/entity/Q5013069,CNA D,National Aeronautical Company,Италия,,,воздух
http://www.wikidata.org/entity/Q131366737,Caterpillar 3406 DITA,Caterpillar,США,,,
http://www.wikidata.org/entity/Q125863682,Caterpillar 3406C,Caterpillar,США,,,
http://www.wikidata.org/entity/Q131364732,Caterpillar 3412 DITA,Caterpillar,США,,,
http://www.wikidata.org/entity/Q125863672,Caterpillar 3412C,Caterpillar,США,,,
http://www.wikidata.org/entity/Q135680706,Caterpillar 3508C,Caterpillar,США,,8,
http://www.wikidata.org/entity/Q123739041,Caterpillar 3512C,Caterpillar,США,,,
http://www.wikidata.org/entity/Q130752426,Caterpillar 3512E,Caterpillar,США,,,
http://www.wikidata.org/entity/Q123133941,Caterpillar 3516,Caterpillar,США,,,
http://www.wikidata.org/entity/Q115044805,Caterpillar 3516C,Caterpillar,США,,,
http://www.wikidata.org/entity/Q125972419,Caterpillar 3612,Caterpillar,США,,,
http://www.wikidata.org/entity/Q66715762,Caterpillar 8M32,Caterpillar,США,,8,
http://www.wikidata.org/entity/Q106224700,Caterpillar C12,Caterpillar,США,,,
http://www.wikidata.org/entity/Q26928106,Caterpillar C175-20,Caterpillar,США,,,
http://www.wikidata.org/entity/Q122900361,Caterpillar C18,Caterpillar,США,,,
http://www.wikidata.org/entity/Q30590561,Caterpillar C280,Caterpillar,США,,8,
http://www.wikidata.org/entity/Q30590561,Caterpillar C280,Caterpillar,США,,12,
http://www.wikidata.org/entity/Q30590561,Caterpillar C280,Caterpillar,США,,16,
http://www.wikidata.org/entity/Q118238211,Caterpillar C7.1,Caterpillar,США,,,
http://www.wikidata.org/entity/Q55017632,Caterpillar D17000,Caterpillar,США,,,
http://www.wikidata.org/entity/Q59355440,Caterpillar D398,Caterpillar,США,,12,
http://www.wikidata.org/entity/Q134499493,Caterpillar D399,Caterpillar,США,,16,
http://www.wikidata.org/entity/Q54959716,Chenard-Walcker 3.0L I4,Chenard-Walcker,Франция,,4,
http://www.wikidata.org/entity/Q5131818,Clerget 9B,Ruston Proctor,Великобритания,,9,воздух
http://www.wikidata.org/entity/Q15138506,Condor IIIA,Rolls-Royce,Великобритания,,12,жидкость
http://www.wikidata.org/entity/Q55049966,Cooper-Bessemer FWL-6T,Cooper-Bessemer Corporation,США,,6,
http://www.wikidata.org/entity/Q195996,Cosworth DFV,Cosworth,Великобритания,,,
http://www.wikidata.org/entity/Q131358092,Cummins 6CT/6CTA8.3-DM,Cummins,США,,6,
http://www.wikidata.org/entity/Q106224705,Cummins 6CTA8.3,Cummins,США,,,
http://www.wikidata.org/entity/Q27658515,Cummins QSK-19,Cummins,США,,6,
http://www.wikidata.org/entity/Q106440180,Cummins QSK-38,Cummins,США,,12,
http://www.wikidata.org/entity/Q106439665,Cummins QSK-60,Cummins,США,,16,
http://www.wikidata.org/entity/Q112038600,Cummins QSK-95,Cummins,США,,16,
http://www.wikidata.org/entity/Q48815701,Curie,Rocket Lab,США,,,
http://www.wikidata.org/entity/Q5195974,Curtiss OXX,Curtiss Aeroplane and Motor Company,США,,8,жидкая вода
http://www.wikidata.org/entity/Q496735,D-12,Curtiss Aeroplane and Motor Company,США,,12,жидкая вода
http://www.wikidata.org/entity/Q126172546,DEUTZ TBD 620 V12,Deutz AG,Германия,,12,
http://www.wikidata.org/entity/Q594476,Daimler-Benz DB 600,Daimler-Benz,Германия,,12,
http://www.wikidata.org/entity/Q15410458,Daimler-Benz DB 601M,Daimler-Benz,Германия,,12,жидкость
http://www.wikidata.org/entity/Q126719073,Detroit Diesel 12V2000,Detroit Diesel,США,,,
http://www.wikidata.org/entity/Q5265908,Detroit Diesel Series 149,Detroit Diesel,США,,,
http://www.wikidata.org/entity/Q5265912,Detroit Diesel Series 71,Detroit Diesel,США,,,
http://www.wikidata.org/entity/Q5265914,Detroit Diesel Series 92,Detroit Diesel,США,,,
http://www.wikidata.org/entity/Q71035765,Deutz 16VBVM640,Deutz AG,Германия,,,
http://www.wikidata.org/entity/Q126174740,Doosan L126TIH,HD Hyundai Infracore,Республика Корея,,6,
http://www.wikidata.org/entity/Q130557568,E2,ABL Space Systems,США,,,
http://www.wikidata.org/entity/Q106515545,EMD 12-567C,Electro-Motive Diesel,США,,12,
http://www.wikidata.org/entity/Q106611261,EMD 12-567D1,Electro-Motive Diesel,США,,12,
http://www.wikidata.org/entity/Q82523912,EMD 16-567B,Electro-Motive Diesel,США,,16,
http://www.wikidata.org/entity/Q106515633,EMD 16-567C,Electro-Motive Diesel,США,,16,
http://www.wikidata.org/entity/Q106611264,EMD 16-567D1,Electro-Motive Diesel,США,,16,
http://www.wikidata.org/entity/Q106624941,EMD 16-567D2,Electro-Motive Diesel,США,,16,
http://www.wikidata.org/entity/Q602696,EMD 567,Electro-Motive Diesel,США,,,
http://www.wikidata.org/entity/Q106490071,EMD 6-567C,Electro-Motive Diesel,США,,6,
http://www.wikidata.org/entity/Q1070122,EMD 645,Electro-Motive Diesel,США,,,
http://www.wikidata.org/entity/Q5323391,EMD 710,Electro-Motive Diesel,США,,,
http://www.wikidata.org/entity/Q106493033,EMD 8-567C,Electro-Motive Diesel,США,,8,
http://www.wikidata.org/entity/Q104822006,EPA,Praga,Чехословакия,,6,жидкая вода
http://www.wikidata.org/entity/Q104822020,EPA/2,Praga,Чехословакия,EPA,6,жидкая вода
http://www.wikidata.org/entity/Q15105285,Eagle VIII,Rolls-Royce,Великобритания,,12,жидкость
http://www.wikidata.org/entity/Q106704006,Enercon E-138,Enercon,Германия,,,
http://www.wikidata.org/entity/Q15140860,Enercon E-40,Enercon,Германия,,,
http://www.wikidata.org/entity/Q106147247,Enercon E-70,Enercon,Германия,,,
http://www.wikidata.org/entity/Q26944954,English Electric 12CSVT,Инглиш электрик,Великобритания,,,
http://www.wikidata.org/entity/Q26945078,English Electric 12SVT,Инглиш электрик,Великобритания,,,
http://www.wikidata.org/entity/Q26944917,English Electric 16CSVT,Инглиш электрик,Великобритания,,,
http://www.wikidata.org/entity/Q26944922,English Electric 16SVT,Инглиш электрик,Великобритания,,,
http://www.wikidata.org/entity/Q29935128,English Electric 6CSRKT,Инглиш электрик,Великобритания,,,
http://www.wikidata.org/entity/Q26958665,English Electric 6KT,Инглиш электрик,Великобритания,,,
http://www.wikidata.org/entity/Q26959583,English Electric 6RKT,Инглиш электрик,Великобритания,,,
http://www.wikidata.org/entity/Q26958567,English Electric 8CSVT,Инглиш электрик,Великобритания,,,
http://www.wikidata.org/entity/Q26958525,English Electric 8SVT,Инглиш электрик,Великобритания,,,
http://www.wikidata.org/entity/Q5378251,English Electric diesel engines,Инглиш электрик,Великобритания,,,
http://www.wikidata.org/entity/Q135674748,Enpulsion Nano,Enpulsion,Австрия,,,
http://www.wikidata.org/entity/Q1275666,Europrop TP400,Europrop International,Германия,,,
http://www.wikidata.org/entity/Q5430076,Fairchild J44,«Фэрчайлд индастрис»,США,,,
http://www.wikidata.org/entity/Q15129770,Falcon III,Rolls-Royce,Великобритания,,12,
http://www.wikidata.org/entity/Q5437124,Fastrac,Summa Technology,США,,,
http://www.wikidata.org/entity/Q50319598,Ferrari 063 EVO 1.6 V6,Ferrari,Италия,,6,
http://www.wikidata.org/entity/Q90824161,Ferrari F140 engine,Ferrari,Италия,,12,жидкая вода
http://www.wikidata.org/entity/Q3744379,Fiat 1050 RC.58I,Fiat Aviazione,Италия,,12,жидкость
http://www.wikidata.org/entity/Q109781328,Fiat 230 A2.000,Fiat,Италия,,4,этиленгликоль
http://www.wikidata.org/entity/Q109781561,Fiat 230 A3.000,Fiat,Италия,,4,этиленгликоль
http://www.wikidata.org/entity/Q109781879,Fiat 230 A4.000,Fiat,Италия,,4,этиленгликоль
http://www.wikidata.org/entity/Q3744412,Fiat A.14,Fiat Aviazione,Италия,,12,жидкость
http://www.wikidata.org/entity/Q3744414,Fiat A.20,Fiat Aviazione,Италия,,12,жидкая вода
http://www.wikidata.org/entity/Q3744419,Fiat A.50,Fiat Group,Италия,,,
http://www.wikidata.org/entity/Q3744420,Fiat A.54,Fiat Group,Италия,,,воздух
http://www.wikidata.org/entity/Q3744421,Fiat A.60,Fiat Aviazione,Италия,,,воздух
http://www.wikidata.org/entity/Q133256548,Fiat FIRE 1.1 engine,Fiat,Италия,,4,этиленгликоль
http://www.wikidata.org/entity/Q133259534,Fiat FIRE 1.2 engine,Fiat,Италия,,4,этиленгликоль
http://www.wikidata.org/entity/Q110077996,Ford Duratorq ZSD-422,Ford,США,,4,этиленгликоль
http://www.wikidata.org/entity/Q122975012,Fuhrländer FL-2500/100,Fuhrländer,Германия,,,
http://www.wikidata.org/entity/Q68792602,GE 1.7-100/103,General Electric,США,,,
http://www.wikidata.org/entity/Q116008221,GE 2.5xl,GE Wind Energy,Германия,,,
http://www.wikidata.org/entity/Q107998625,GE 5.3-158 Cypress,GE Renewable Energy (Germany),Германия,,,
http://www.wikidata.org/entity/Q10287182,GE 7FDL,General Electric,США,,,
http://www.wikidata.org/entity/Q18049494,GO-435,Лайкоминг,США,,,
http://www.wikidata.org/entity/Q3093335,GPHS-RTG,GE Aerospace,США,,,
http://www.wikidata.org/entity/Q71688902,GRW100-2.5MW,Goldwind,Китай,,,
http://www.wikidata.org/entity/Q72266721,GT26,General Electric,США,,,
http://www.wikidata.org/entity/Q72266721,GT26,Alstom,Франция,,,
http://www.wikidata.org/entity/Q3595564,GTRE GTX-35VS Kaveri,Gas Turbine Research Establishment,Индия,,,
http://www.wikidata.org/entity/Q71689151,GW82-1.5MW,Goldwind,Китай,,,
http://www.wikidata.org/entity/Q115987406,Gamesa G114-2.5 MW,Gamesa,Испания,,,
http://www.wikidata.org/entity/Q115987418,Gamesa G90-2.0 MW,Gamesa,Испания,,,
http://www.wikidata.org/entity/Q50101842,Gamma 2,Bristol Siddeley,Великобритания,,,
http://www.wikidata.org/entity/Q50101874,Gamma 201,Bristol Siddeley,Великобритания,,,
http://www.wikidata.org/entity/Q50101874,Gamma 201,Armstrong Siddeley,Великобритания,,,
http://www.wikidata.org/entity/Q50101882,Gamma 301,Bristol Siddeley,Великобритания,,,
http://www.wikidata.org/entity/Q50101882,Gamma 301,Armstrong Siddeley,Великобритания,,,
http://www.wikidata.org/entity/Q4290405,Gamma 8,Bristol Siddeley,Великобритания,,,
http://www.wikidata.org/entity/Q54884062,Gardner 6L3,L. Gardner and Sons,Великобритания,,,
http://www.wikidata.org/entity/Q54884062,Gardner 6L3,L. Gardner and Sons,Соединённое королевство Великобритании и Ирландии,,,
http://www.wikidata.org/entity/Q54884144,Gardner 8L3,L. Gardner and Sons,Великобритания,,,
http://www.wikidata.org/entity/Q54884144,Gardner 8L3,L. Gardner and Sons,Соединённое королевство Великобритании и Ирландии,,,
http://www.wikidata.org/entity/Q3940376,Gem,Rolls-Royce,Великобритания,,,
http://www.wikidata.org/entity/Q17412862,Gem 2,Rolls-Royce,Великобритания,,,
http://www.wikidata.org/entity/Q17412868,Gem 41-1,Rolls-Royce,Великобритания,,,
http://www.wikidata.org/entity/Q17412879,Gem 42-1,Rolls-Royce,Великобритания,,,
http://www.wikidata.org/entity/Q17412957,Gem 42-200,Rolls-Royce,Великобритания,,,
http://www.wikidata.org/entity/Q68536783,General Electric 3.4-130,General Electric,США,,,
http://www.wikidata.org/entity/Q67904490,General Electric 3.43-130,General Electric,США,,,
http://www.wikidata.org/entity/Q108936261,General Electric 3.6-137,General Electric,США,,,
http://www.wikidata.org/entity/Q113157255,General Electric F404-GE-400,GE Aviation,США,,,
http://www.wikidata.org/entity/Q15056981,General Electric F412-GE-400,GE Aviation,США,,,
http://www.wikidata.org/entity/Q1501574,General Electric F414,GE Aviation,США,,,
http://www.wikidata.org/entity/Q654975,General Electric T700,General Electric,США,,,
http://www.wikidata.org/entity/Q641962,General Electric YJ93,GE Aviation,США,General Electric J79,,
http://www.wikidata.org/entity/Q1052006,Gipsy Queen,De Havilland,Великобритания,,6,жидкая вода
http://www.wikidata.org/entity/Q15063120,Gnome rotary engine,Гном-Рон,Франция,,,воздух
http://www.wikidata.org/entity/Q15138528,Gnome-Rhône 9Ady Jupiter,Гном-Рон,Франция,,9,воздух
http://www.wikidata.org/entity/Q71075515,Goldwind 121,Goldwind,Китай,,,
http://www.wikidata.org/entity/Q967602,Graphite-Epoxy Motor,Northrop Grumman Space Systems,США,,,
http://www.wikidata.org/entity/Q5360893,Guizhou WS-13,Guizhou Aircraft Industry Corporation,Китай,,,
http://www.wikidata.org/entity/Q1443682,HAL/Turbomeca Shakti,Турбомека,Франция,,,
http://www.wikidata.org/entity/Q61856281,HEMPT 3050,Thales,Франция,,,
http://www.wikidata.org/entity/Q42302050,HL120TRM,Maybach-Motorenbau,Германия,,12,жидкая вода
http://www.wikidata.org/entity/Q106618337,HL230 P30,Maybach-Motorenbau,Германия,,12,жидкая вода
http://www.wikidata.org/entity/Q104693334,HL45P,Maybach-Motorenbau,Германия,,,
http://www.wikidata.org/entity/Q104693905,HL62TR,Maybach-Motorenbau,Германия,,6,жидкая вода
http://www.wikidata.org/entity/Q104694104,HL62TRM,Maybach-Motorenbau,Германия,,6,жидкая вода
http://www.wikidata.org/entity/Q104694274,HL66P,Maybach-Motorenbau,Германия,,,жидкая вода
http://www.wikidata.org/entity/Q104694524,HL90,Maybach-Motorenbau,Германия,,12,жидкая вода
http://www.wikidata.org/entity/Q97216614,HM7A,Société européenne de propulsion,Франция,,,
http://www.wikidata.org/entity/Q3379246,Harley-Davidson Evolution engine,Harley-Davidson,США,,,
http://www.wikidata.org/entity/Q28455572,Harley-Davidson Milwaukee-Eight engine,Harley-Davidson,США,,,
http://www.wikidata.org/entity/Q3783379,Harley-Davidson Shovelhead engine,Harley-Davidson,США,,,
http://www.wikidata.org/entity/Q14947908,Hiero N,"Warchalowski, Eissler & Co.",Австрия,,,
http://www.wikidata.org/entity/Q11369980,Hiro Type 91,Hiro Naval Arsenal,Япония,,12,жидкость
http://www.wikidata.org/entity/Q11109737,Hirth HM 506,Hirth aircraft engines,Германия,,6,
http://www.wikidata.org/entity/Q1424847,Hirth HM 508,Hirth aircraft engines,Германия,,8,жидкая вода
http://www.wikidata.org/entity/Q3785792,Hirth HM 60,Hirth aircraft engines,Германия,,,
http://www.wikidata.org/entity/Q60459017,Hispano-Suiza 12L,Hispano-Suiza,Испания,,12,этиленгликоль
http://www.wikidata.org/entity/Q60459017,Hispano-Suiza 12L,Hispano-Suiza,Франция,,12,этиленгликоль
http://www.wikidata.org/entity/Q3508249,Hispano-Suiza 12X,Hispano-Suiza,Испания,,,жидкая вода
http://www.wikidata.org/entity/Q3508249,Hispano-Suiza 12X,Hispano-Suiza,Франция,,,жидкая вода
http://www.wikidata.org/entity/Q15026752,Hispano-Suiza 12Ydrs,Avia,Чехия,,,
http://www.wikidata.org/entity/Q15026752,Hispano-Suiza 12Ydrs,Hispano-Suiza,Испания,,,
http://www.wikidata.org/entity/Q15026752,Hispano-Suiza 12Ydrs,Hispano-Suiza,Франция,,,
http://www.wikidata.org/entity/Q15026752,Hispano-Suiza 12Ydrs,ЧКД,Чехия,,,
http://www.wikidata.org/entity/Q15026752,Hispano-Suiza 12Ydrs,ЧКД,Чехословакия,,,
http://www.wikidata.org/entity/Q14947601,Hispano-Suiza 8Aa,Hispano-Suiza,Испания,,,жидкая вода
http://www.wikidata.org/entity/Q14947601,Hispano-Suiza 8Aa,Hispano-Suiza,Франция,,,жидкая вода
http://www.wikidata.org/entity/Q14947601,Hispano-Suiza 8Aa,Wright-Martin,США,,,жидкая вода
http://www.wikidata.org/entity/Q15129850,Hispano-Suiza 8Bc,Hispano-Suiza,Испания,,8,
http://www.wikidata.org/entity/Q15129850,Hispano-Suiza 8Bc,Hispano-Suiza,Франция,,8,
http://www.wikidata.org/entity/Q15103276,Hispano-Suiza 8Be,Hispano-Suiza,Испания,,,жидкость
http://www.wikidata.org/entity/Q15103276,Hispano-Suiza 8Be,Hispano-Suiza,Франция,,,жидкость
http://www.wikidata.org/entity/Q15103286,Hispano-Suiza 8Bec,Hispano-Suiza,Испания,,,жидкость
http://www.wikidata.org/entity/Q15103286,Hispano-Suiza 8Bec,Hispano-Suiza,Франция,,,жидкость
http://www.wikidata.org/entity/Q15024795,Hispano-Suiza 8Fb,Hispano-Suiza,Испания,,8,жидкая вода
http://www.wikidata.org/entity/Q15024795,Hispano-Suiza 8Fb,Hispano-Suiza,Франция,,8,жидкая вода
http://www.wikidata.org/entity/Q15024795,Hispano-Suiza 8Fb,Škoda Works,Чехия,,8,жидкая вода
http://www.wikidata.org/entity/Q15024795,Hispano-Suiza 8Fb,Škoda Works,Чехословакия,,8,жидкая вода
http://www.wikidata.org/entity/Q106844154,Honda MC14E,Honda,Япония,,4,
http://www.wikidata.org/entity/Q50321166,Honda RA618H,Honda,Япония,,6,
http://www.wikidata.org/entity/Q106621037,Horch 3.5,Horch,Германия,,8,жидкая вода
http://www.wikidata.org/entity/Q136806072,HyperCurie,Rocket Lab,США,Curie,,
http://www.wikidata.org/entity/Q18175600,I-40,General Electric,США,,,
http://www.wikidata.org/entity/Q2159756,IHI Corporation F7,IHI Corporation,Япония,,,
http://www.wikidata.org/entity/Q11254783,IHI Corporation XF5,IHI Corporation,Япония,,,
http://www.wikidata.org/entity/Q29036220,IO-360-B1A,Лайкоминг,США,,,
http://www.wikidata.org/entity/Q15644067,IO-540,Лайкоминг,США,,6,
http://www.wikidata.org/entity/Q131366840,Industrie 6D7,De Industrie,Нидерланды,,,
http://www.wikidata.org/entity/Q512439,Ishikawajima Ne-20,IHI Corporation,Япония,,,
http://www.wikidata.org/entity/Q16566559,Isotta Fraschini Zeta,Isotta Fraschini Motori,Италия,,24,воздух
http://www.wikidata.org/entity/Q477394,J33,General Electric,США,,,
http://www.wikidata.org/entity/Q477394,J33,Аллисон,США,,,
http://www.wikidata.org/entity/Q7238735,J48,Pratt & Whitney,США,,,
http://www.wikidata.org/entity/Q15630632,JT9D-3A,Pratt & Whitney,США,,,
http://www.wikidata.org/entity/Q111798519,JT9D-7J,Pratt & Whitney,США,,,
http://www.wikidata.org/entity/Q564413,Jumo 210,Junkers,Германский рейх,,12,жидкость
http://www.wikidata.org/entity/Q564413,Jumo 210,Junkers,Германский рейх,,12,этиленгликоль
http://www.wikidata.org/entity/Q15410979,Jumo 210Ga,Junkers,Германский рейх,,12,жидкость
http://www.wikidata.org/entity/Q1529423,Junkers Jumo 207,Junkers,Германский рейх,,,
http://www.wikidata.org/entity/Q659617,Junkers Jumo 213,Junkers,Германский рейх,,12,
http://www.wikidata.org/entity/Q3811333,Junkers L1,Junkers Motorenbau und Junkers Flugzeugwerk,Германский рейх,,6,
http://www.wikidata.org/entity/Q14947954,Jupiter IV,Walter Aircraft Engines,Чехия,,9,воздух
http://www.wikidata.org/entity/Q14947954,Jupiter IV,«Бристоль»,Великобритания,,9,воздух
http://www.wikidata.org/entity/Q106840722,Kawasaki Ninja ZX-25R engine,Kawasaki Heavy Industries Motorcycle & Engine,Япония,,4,
http://www.wikidata.org/entity/Q6414064,Kinner B-5,Kinner Airplane & Motor Corporation,США,,,
http://www.wikidata.org/entity/Q15052152,Kuznetsov NK-12MA,Самарский научно-технический комплекс имени Н. Д. Кузнецова,Россия,,,
http://www.wikidata.org/entity/Q6313900,L 2,Junkers Motorenbau und Junkers Flugzeugwerk,Германский рейх,,,
http://www.wikidata.org/entity/Q18055204,L 550E,Limbach,Германия,,,
http://www.wikidata.org/entity/Q17098468,LEROS,Nammo,Норвегия,,,
http://www.wikidata.org/entity/Q81567,LR-87,Аэроджет,США,,,
http://www.wikidata.org/entity/Q3488655,LR-89,Rocketdyne,США,,,
http://www.wikidata.org/entity/Q11229642,LR-91,Аэроджет,США,,,
http://www.wikidata.org/entity/Q6503735,Lawrance L-3,Lawrance Aero Engine Company,США,,,
http://www.wikidata.org/entity/Q3046516,Le Rhône 9C,Гном-Рон,Франция,,,воздух
http://www.wikidata.org/entity/Q3510760,Le Rhône 9J,Гном-Рон,Франция,,,воздух
http://www.wikidata.org/entity/Q15065620,Le Rhône 9Jb,Гном-Рон,Франция,,,воздух
http://www.wikidata.org/entity/Q449389,Leonides,Alvis Cars,Великобритания,,9,
http://www.wikidata.org/entity/Q106295716,Leonides Mark 127,Alvis Cars,Великобритания,,,
http://www.wikidata.org/entity/Q15138408,Liberty L-12A,Ford,США,,12,
http://www.wikidata.org/entity/Q3837181,Lorraine 12D,Лорен-Дитрих,Франция,,12,жидкая вода
http://www.wikidata.org/entity/Q588827,Lotarev DV-2,ЗМКБ «Прогресс» им. академика А. Г. Ивченко,Украина,,,
http://www.wikidata.org/entity/Q6707348,Lycoming O-145,Лайкоминг,США,,,
http://www.wikidata.org/entity/Q591725,Lycoming O-320,Лайкоминг,США,,4,
http://www.wikidata.org/entity/Q1777769,Lycoming O-360,Лайкоминг,США,,4,
http://www.wikidata.org/entity/Q19360046,Lycoming O-360-A3A,Лайкоминг,США,,,воздух
http://www.wikidata.org/entity/Q1179432,M-701,Walter Aircraft Engines,Чехия,,,
http://www.wikidata.org/entity/Q38553078,M305,Фридрих Крупп АГ,Германия,,,воздух
http://www.wikidata.org/entity/Q123675873,MAN 10K98MC-C,MAN Diesel SE,Германия,,10,
http://www.wikidata.org/entity/Q71033095,MAN 12K50MC-S,MAN Diesel SE,Германия,,,
http://www.wikidata.org/entity/Q131548307,MAN 14V32/40,MAN Energy Solutions,Германия,,14,
http://www.wikidata.org/entity/Q131917269,MAN 5G45ME-C,MAN Diesel SE,Германия,,5,
http://www.wikidata.org/entity/Q131565098,MAN 5S60MC-C,MAN Diesel SE,Германия,,5,
http://www.wikidata.org/entity/Q131373303,MAN 8L27/38,MAN Energy Solutions,Германия,,8,
http://www.wikidata.org/entity/Q137373689,MAN 8S70MC,MAN Diesel SE,Германия,,8,
http://www.wikidata.org/entity/Q131382194,MAN 9K90MC-C,MAN Diesel SE,Германия,,9,
http://www.wikidata.org/entity/Q131366809,MAN B&W 6L23/30,MAN Diesel SE,Германия,,6,
http://www.wikidata.org/entity/Q137832272,MAN B&W 6S60MC-C,MAN Diesel SE,Германия,,6,
http://www.wikidata.org/entity/Q136621113,MAN B&W 6S70MC-6,MAN Diesel SE,Германия,,6,
http://www.wikidata.org/entity/Q137520289,MAN B&W 6S90MC-C,MAN Diesel SE,Германия,,6,
http://www.wikidata.org/entity/Q138349814,MAN B&W 7S60MC-C,MAN Diesel SE,Германия,,7,
http://www.wikidata.org/entity/Q137488937,MAN B&W 7S80MC-C,MAN Diesel SE,Германия,,7,
http://www.wikidata.org/entity/Q126586191,MAN D2862,MAN Engines,США,,,
http://www.wikidata.org/entity/Q26882794,"MAN L2x6V 17,5/18",MAN,Германия,,12,
http://www.wikidata.org/entity/Q27926292,"MAN L2x6V 17,5/18A",MAN,Германия,,12,
http://www.wikidata.org/entity/Q25508748,MR-103,Aerojet Rocketdyne,США,,,
http://www.wikidata.org/entity/Q59724368,MTU 396 series,MTU ONSITE,Германия,,,
http://www.wikidata.org/entity/Q31838887,MTU 4000 series,MTU ONSITE,Германия,,,
http://www.wikidata.org/entity/Q123053739,MTU 595 series,MTU ONSITE,Германия,,,
http://www.wikidata.org/entity/Q17363992,MTU J79-MTU-J1K,MTU Aero Engines,Германия,,,
http://www.wikidata.org/entity/Q93874739,MTU engine,MTU ONSITE,Германия,,,
http://www.wikidata.org/entity/Q104591520,MaK 12VM43C,Caterpillar,США,,12,
http://www.wikidata.org/entity/Q104598971,MaK 12VM46DF,Caterpillar,США,,12,
http://www.wikidata.org/entity/Q104591558,MaK 16VM43C,Caterpillar,США,,16,
http://www.wikidata.org/entity/Q104599106,MaK 16VM46DF,Caterpillar,США,,16,
http://www.wikidata.org/entity/Q104591216,MaK 6M43C,Caterpillar,США,,6,
http://www.wikidata.org/entity/Q104591605,MaK 7M43C,Caterpillar,США,,7,
http://www.wikidata.org/entity/Q104591352,MaK 8M43C,Caterpillar,США,,8,
http://www.wikidata.org/entity/Q104598944,MaK 8M46DF,Caterpillar,США,,8,
http://www.wikidata.org/entity/Q104591435,MaK 9M43C,Caterpillar,США,,9,
http://www.wikidata.org/entity/Q12057229,Maori,Sunbeam,Великобритания,,,жидкая вода
http://www.wikidata.org/entity/Q2064044,Marboré,Турбомека,Франция,,,
http://www.wikidata.org/entity/Q18156179,Marboré IV,Турбомека,Франция,,,
http://www.wikidata.org/entity/Q6772487,Marquardt RJ43,Marquardt Corporation,США,,,
http://www.wikidata.org/entity/Q25379187,Maybach GO 5,Maybach-Motorenbau,Германия,,12,
http://www.wikidata.org/entity/Q25379341,Maybach GO 56,Maybach-Motorenbau,Германия,,12,
http://www.wikidata.org/entity/Q25379185,Maybach GO 6,Maybach-Motorenbau,Германия,,12,
http://www.wikidata.org/entity/Q25379583,Maybach GTO 6,Maybach-Motorenbau,Германия,,12,
http://www.wikidata.org/entity/Q25379582,Maybach MD 650,Maybach-Motorenbau,Германия,,12,
http://www.wikidata.org/entity/Q25386001,Maybach VL I,Maybach,Германия,,12,
http://www.wikidata.org/entity/Q85784467,Maybach VL II,Maybach,Германия,Maybach VL I,12,
http://www.wikidata.org/entity/Q6802069,McLaren M838T engine,McLaren,Великобритания,,8,жидкость
http://www.wikidata.org/entity/Q6802069,McLaren M838T engine,Ricardo plc,Великобритания,,8,жидкость
http://www.wikidata.org/entity/Q50320247,Mercedes AMG F1 M09 EQ Power+ V6,Mercedes-AMG GmbH,Германия,,6,
http://www.wikidata.org/entity/Q3855048,Mercedes D.I,Daimler-Motoren-Gesellschaft,Германский рейх,,6,жидкая вода
http://www.wikidata.org/entity/Q3510722,Mercedes D.II,Daimler-Motoren-Gesellschaft,Германский рейх,,,жидкость
http://www.wikidata.org/entity/Q1138418,Mercedes D.III,Daimler-Motoren-Gesellschaft,Германский рейх,,6,жидкая вода
http://www.wikidata.org/entity/Q750095,Mercedes-Benz M119 engine,Daimler-Benz,Германия,,,
http://www.wikidata.org/entity/Q3854916,Mercedes-Benz OM 138,Daimler-Benz,Германия,,4,
http://www.wikidata.org/entity/Q26833685,Mercedes-Benz OM 85,Mercedes-Benz,Германия,,,
http://www.wikidata.org/entity/Q26882838,Mercedes-Benz OM 86,Mercedes-Benz,Германия,,12,
http://www.wikidata.org/entity/Q195831,Mercedes-Benz OM636,Mercedes-Benz,Германия,,,
http://www.wikidata.org/entity/Q19923939,Merlin 1D,SpaceX,США,,,
http://www.wikidata.org/entity/Q18646644,Merlin 1D Vacuum,SpaceX,США,,,
http://www.wikidata.org/entity/Q6840458,Microturbo TRI 60,Safran Power Units,Франция,,,
http://www.wikidata.org/entity/Q1425359,Mikron,Walter Aircraft Engines,Чехия,,4,
http://www.wikidata.org/entity/Q373562,Mitsubishi Kasei,Mitsubishi Heavy Industries,Япония,,14,
http://www.wikidata.org/entity/Q3317199,Mitsubishi Zuisei,Mitsubishi Heavy Industries,Япония,,14,
http://www.wikidata.org/entity/Q125993173,Motor Sich MS-500V-S,Мотор Сич,Украина,,,
http://www.wikidata.org/entity/Q136650693,NCR18650B,Panasonic Corporation,Япония,,,
http://www.wikidata.org/entity/Q42176069,NL38TR,Maybach-Motorenbau,Германия,,6,жидкая вода
http://www.wikidata.org/entity/Q65229998,NMKV BR06 engine,Mitsubishi Motors,Япония,,3,
http://www.wikidata.org/entity/Q131316498,NOTS 100A,Naval Air Weapons Station China Lake,США,,,
http://www.wikidata.org/entity/Q11044096,Nakajima Ha-5,Накадзима,Япония,,14,
http://www.wikidata.org/entity/Q3489973,Nakajima Hikari,Накадзима,Япония,,9,воздух
http://www.wikidata.org/entity/Q2755067,Nakajima Homare,Накадзима,Япония,,18,
http://www.wikidata.org/entity/Q2708163,Nakajima Sakae,Накадзима,Япония,,14,воздух
http://www.wikidata.org/entity/Q121444234,NedWind 55,Nedwind,Нидерланды,,,
http://www.wikidata.org/entity/Q109927470,Nissan ED33,UD Trucks,Япония,,4,этиленгликоль
http://www.wikidata.org/entity/Q114566681,Nissan EM47,Nissan,Япония,,,
http://www.wikidata.org/entity/Q114566606,Nissan EM57,Nissan,Япония,,,
http://www.wikidata.org/entity/Q114566569,Nissan EM61,Nissan,Япония,,,
http://www.wikidata.org/entity/Q17190313,Nissan RB26DETT,Nissan,Япония,,6,
http://www.wikidata.org/entity/Q109927233,Nissan SD25,UD Trucks,Япония,,4,этиленгликоль
http://www.wikidata.org/entity/Q109927096,Nissan TD23,Nissan,Япония,,4,этиленгликоль
http://www.wikidata.org/entity/Q109927130,Nissan TD25,Nissan,Япония,,4,этиленгликоль
http://www.wikidata.org/entity/Q109927396,Nissan TD27,UD Trucks,Япония,,4,этиленгликоль
http://www.wikidata.org/entity/Q123818569,Nissan VR30DDTT,Nissan,Япония,,6,
http://www.wikidata.org/entity/Q107485903,Nissan VR38DETT engine,Nissan,Япония,,6,
http://www.wikidata.org/entity/Q126454840,Nissan YD22DDTi engine,Nissan,Япония,,4,
http://www.wikidata.org/entity/Q126454943,Nissan YD22DTi engine,Nissan,Япония,,4,
http://www.wikidata.org/entity/Q109940958,Nissan ZD30DDT,Nissan,Япония,,4,этиленгликоль
http://www.wikidata.org/entity/Q131384876,Nordex N149/4.0–4.5,Nordex,Германия,,,
http://www.wikidata.org/entity/Q116036200,Nordex N60/1300,Nordex,Германия,,,
http://www.wikidata.org/entity/Q115987794,Nordex N80/2500,Nordex,Германия,,,
http://www.wikidata.org/entity/Q3878399,Nordex N90/2500,Nordex,Германия,,,
http://www.wikidata.org/entity/Q206420,O-235,Лайкоминг,США,,,
http://www.wikidata.org/entity/Q19359067,O-235-C,Лайкоминг,США,,,воздух
http://www.wikidata.org/entity/Q19359148,O-235-C2A,Лайкоминг,США,,,воздух
http://www.wikidata.org/entity/Q19360040,O-235-E2A,Лайкоминг,США,,,воздух
http://www.wikidata.org/entity/Q19360032,O-235-L2A,Лайкоминг,США,,,воздух
http://www.wikidata.org/entity/Q282691,O-290,Лайкоминг,США,,,
http://www.wikidata.org/entity/Q19359071,O-320-E,Лайкоминг,США,,,воздух
http://www.wikidata.org/entity/Q19359155,O-320-E2A,Лайкоминг,США,,,воздух
http://www.wikidata.org/entity/Q15896148,O-320-H2AD,Лайкоминг,США,,,
http://www.wikidata.org/entity/Q19359074,O-360-D2A,Лайкоминг,США,,,воздух
http://www.wikidata.org/entity/Q975544,OX-5,Curtiss Aeroplane and Motor Company,США,,8,
http://www.wikidata.org/entity/Q3880553,Oberursel U III,Motorenfabrik Oberursel,Германский рейх,,14,
http://www.wikidata.org/entity/Q125577701,Oberursel U.0,Motorenfabrik Oberursel,Германский рейх,,7,воздух
http://www.wikidata.org/entity/Q780762,Oberursel U.I,Motorenfabrik Oberursel,Германский рейх,,9,
http://www.wikidata.org/entity/Q15074469,Oberursel Ur.II,Motorenfabrik Oberursel,Германский рейх,,9,воздух
http://www.wikidata.org/entity/Q61148978,Oberursel Ur.III,Motorenfabrik Oberursel,Германский рейх,,11,воздух
http://www.wikidata.org/entity/Q68557,Orpheus,Bristol Siddeley,Великобритания,,,
http://www.wikidata.org/entity/Q115489974,PPS-5000,Safran SA,Франция,,,
http://www.wikidata.org/entity/Q109766835,PSA XUD11 A,Groupe PSA,Франция,,4,этиленгликоль
http://www.wikidata.org/entity/Q109766844,PSA XUD11 ATE,Groupe PSA,Франция,,4,этиленгликоль
http://www.wikidata.org/entity/Q109714063,PSA XUD7/K,Groupe PSA,Франция,,4,этиленгликоль
http://www.wikidata.org/entity/Q109742940,PSA XUD9 /Z,Groupe PSA,Франция,,4,
http://www.wikidata.org/entity/Q109715391,PSA XUD9 A,Groupe PSA,Франция,,4,этиленгликоль
http://www.wikidata.org/entity/Q106296423,PT6A,Pratt & Whitney Canada,Канада,,,
http://www.wikidata.org/entity/Q15901020,PT6A-11,Pratt & Whitney Canada,Канада,,,
http://www.wikidata.org/entity/Q15643532,PT6A-114,Pratt & Whitney Canada,Канада,,,
http://www.wikidata.org/entity/Q15644000,PT6A-114A,Pratt & Whitney Canada,Канада,,,
http://www.wikidata.org/entity/Q17861815,PT6A-121,Pratt & Whitney Canada,Канада,,,
http://www.wikidata.org/entity/Q15838873,PT6A-135,Pratt & Whitney Canada,Канада,,,
http://www.wikidata.org/entity/Q16546784,PT6A-140,Pratt & Whitney Canada,Канада,,,
http://www.wikidata.org/entity/Q15623188,PT6A-20,Pratt & Whitney Canada,Канада,,,
http://www.wikidata.org/entity/Q15838813,PT6A-20A,Pratt & Whitney Canada,Канада,,,
http://www.wikidata.org/entity/Q15838869,PT6A-21,Pratt & Whitney Canada,Канада,,,
http://www.wikidata.org/entity/Q106296434,PT6A-25A,Pratt & Whitney Canada,Канада,,,
http://www.wikidata.org/entity/Q18003208,PT6A-25C,Pratt & Whitney Canada,Канада,,,
http://www.wikidata.org/entity/Q15637500,PT6A-27,Pratt & Whitney Canada,Канада,,,
http://www.wikidata.org/entity/Q15623190,PT6A-28,Pratt & Whitney Canada,Канада,,,
http://www.wikidata.org/entity/Q15637505,PT6A-34,Pratt & Whitney Canada,Канада,,,
http://www.wikidata.org/entity/Q15637507,PT6A-35,Pratt & Whitney Canada,Канада,,,
http://www.wikidata.org/entity/Q15618474,PT6A-41,Pratt & Whitney Canada,Канада,,,
http://www.wikidata.org/entity/Q15618476,PT6A-42,Pratt & Whitney Canada,Канада,,,
http://www.wikidata.org/entity/Q106296441,PT6A-42A,Pratt & Whitney Canada,Канада,,,
http://www.wikidata.org/entity/Q15838795,PT6A-6,Pratt & Whitney Canada,Канада,,,
http://www.wikidata.org/entity/Q106296450,PT6A-62,Pratt & Whitney Canada,Канада,,,
http://www.wikidata.org/entity/Q37952633,PT6A-65B,Pratt & Whitney Canada,Канада,,,
http://www.wikidata.org/entity/Q106296458,PT6A-66B,Pratt & Whitney Canada,Канада,,,
http://www.wikidata.org/entity/Q102198295,PT6A-66D,Pratt & Whitney Canada,Канада,,,
http://www.wikidata.org/entity/Q18072453,PT6A-67AF,Pratt & Whitney Canada,Канада,,,
http://www.wikidata.org/entity/Q33132293,PT6A-67D,Pratt & Whitney Canada,Канада,,,
http://www.wikidata.org/entity/Q106296466,PT6A-67F,Pratt & Whitney Canada,Канада,,,
http://www.wikidata.org/entity/Q18003503,PT6A-68C,Pratt & Whitney Canada,Канада,,,
http://www.wikidata.org/entity/Q1352680,PW100,Pratt & Whitney Canada,Канада,,,
http://www.wikidata.org/entity/Q15839356,PW118,Pratt & Whitney Canada,Канада,,,
http://www.wikidata.org/entity/Q15624310,PW120,Pratt & Whitney Canada,Канада,,,
http://www.wikidata.org/entity/Q19320808,PW124B,Pratt & Whitney Canada,Канада,,,
http://www.wikidata.org/entity/Q15630554,PW127,Pratt & Whitney Canada,Канада,,,
http://www.wikidata.org/entity/Q134624132,PW127G,Pratt & Whitney Canada,Канада,,,
http://www.wikidata.org/entity/Q15630559,PW127M,Pratt & Whitney Canada,Канада,,,
http://www.wikidata.org/entity/Q7156497,Paxman Valenta,Paxman,Великобритания,,,
http://www.wikidata.org/entity/Q15824873,Piaggio LEADER,Piaggio,Италия,,,
http://www.wikidata.org/entity/Q19295524,Piaggio MASTER,Piaggio,Италия,,,
http://www.wikidata.org/entity/Q3901860,Piaggio P.X,Пьяджо,Италия,,9,воздух
http://www.wikidata.org/entity/Q3901862,Piaggio P.XI,Пьяджо,Италия,Гном-Рон «Мистраль мажор»,14,
http://www.wikidata.org/entity/Q15841317,Piaggio QUASAR,Piaggio,Италия,,,
http://www.wikidata.org/entity/Q7237591,Praga D,Praga,Чехословакия,,4,воздух
http://www.wikidata.org/entity/Q15012117,Praga ESV,ČKD-Praga,Чехословакия,,12,жидкая вода
http://www.wikidata.org/entity/Q115961054,Pratt & Whitney Canada PW119C,Pratt & Whitney Canada,Канада,,,
http://www.wikidata.org/entity/Q15624317,Pratt & Whitney Canada PW120A,Pratt & Whitney Canada,Канада,,,
http://www.wikidata.org/entity/Q15624321,Pratt & Whitney Canada PW121,Pratt & Whitney Canada,Канада,,,
http://www.wikidata.org/entity/Q15624332,Pratt & Whitney Canada PW123,Pratt & Whitney Canada,Канада,,,
http://www.wikidata.org/entity/Q15624572,Pratt & Whitney Canada PW123AF,Pratt & Whitney Canada,Канада,,,
http://www.wikidata.org/entity/Q15624580,Pratt & Whitney Canada PW123B,Pratt & Whitney Canada,Канада,,,
http://www.wikidata.org/entity/Q15624586,Pratt & Whitney Canada PW123C,Pratt & Whitney Canada,Канада,,,
http://www.wikidata.org/entity/Q15624592,Pratt & Whitney Canada PW123D,Pratt & Whitney Canada,Канада,,,
http://www.wikidata.org/entity/Q15624603,Pratt & Whitney Canada PW123E,Pratt & Whitney Canada,Канада,,,
http://www.wikidata.org/entity/Q15624814,Pratt & Whitney Canada PW150A,Pratt & Whitney Canada,Канада,,,
http://www.wikidata.org/entity/Q136505903,Pratt & Whitney Canada PW545B,Pratt & Whitney Canada,Канада,,,
http://www.wikidata.org/entity/Q15617995,Pratt & Whitney JT3D-3,Pratt & Whitney,США,,,
http://www.wikidata.org/entity/Q29455984,Pratt & Whitney JT8D-15,Pratt & Whitney,США,,,
http://www.wikidata.org/entity/Q106296133,Pratt & Whitney JT8D-7,Pratt & Whitney,США,,,
http://www.wikidata.org/entity/Q106296134,Pratt & Whitney JT8D-9,Pratt & Whitney,США,,,
http://www.wikidata.org/entity/Q15629372,Pratt & Whitney PW6122A,Pratt & Whitney Canada,Канада,,,
http://www.wikidata.org/entity/Q15629375,Pratt & Whitney PW6124A,Pratt & Whitney Canada,Канада,,,
http://www.wikidata.org/entity/Q15139461,Pratt & Whitney R-1340-33,Pratt & Whitney Canada,Канада,,9,воздух
http://www.wikidata.org/entity/Q15027389,Pratt & Whitney R-1340-AN2,Pratt & Whitney Canada,Канада,,9,воздух
http://www.wikidata.org/entity/Q15217578,Pratt & Whitney R-1535-82 Twin Wasp Junior,Pratt & Whitney Canada,Канада,,14,воздух
http://www.wikidata.org/entity/Q86596376,Pratt & Whitney R-1830-36 Twin Wasp,Pratt & Whitney Canada,Канада,,,
http://www.wikidata.org/entity/Q47010392,Prometheus,ArianeGroup,Франция,,,
http://www.wikidata.org/entity/Q47010392,Prometheus,ArianeGroup,Германия,,,
http://www.wikidata.org/entity/Q917963,Proteus,Rolls-Royce,Великобритания,,,
http://www.wikidata.org/entity/Q917963,Proteus,Bristol Siddeley,Великобритания,,,
http://www.wikidata.org/entity/Q62395607,R-1340-40 Wasp,Pratt & Whitney,США,,,
http://www.wikidata.org/entity/Q15139442,R-1340-7,Pratt & Whitney Canada,Канада,,9,воздух
http://www.wikidata.org/entity/Q20026757,R-1340-88 Wasp,Pratt & Whitney,США,,9,воздух
http://www.wikidata.org/entity/Q663695,R-2000 Twin Wasp,Pratt & Whitney,США,,,
http://www.wikidata.org/entity/Q21684983,R-2600-20 Twin Cyclone,Wright Aeronautical,США,,,
http://www.wikidata.org/entity/Q19768201,R-2800-43 Double Wasp,Pratt & Whitney,США,,18,воздух
http://www.wikidata.org/entity/Q11240350,R-4D,Aerojet Rocketdyne,США,,,
http://www.wikidata.org/entity/Q17909521,R-985 Wasp Junior,Pratt & Whitney,США,,,
http://www.wikidata.org/entity/Q15104978,RAF 4a,Daimler Motor Company,Великобритания,,,жидкость
http://www.wikidata.org/entity/Q15104978,RAF 4a,Siddeley-Deasy,Великобритания,,,жидкость
http://www.wikidata.org/entity/Q426886,RB.109 Tyne,Rolls-Royce,Великобритания,,,
http://www.wikidata.org/entity/Q1422633,RB.37 Derwent,Rolls-Royce Limited,Великобритания,,,
http://www.wikidata.org/entity/Q16594359,RD-107-8D76,НПО Энергомаш,Россия,,,
http://www.wikidata.org/entity/Q11833012,RD-108-8D77,НПО Энергомаш,Россия,,,
http://www.wikidata.org/entity/Q15050545,RD-45,GAZ-45,Россия,,,
http://www.wikidata.org/entity/Q116007948,REpower 5M,Senvion SE,Германия,,,
http://www.wikidata.org/entity/Q119198355,REpower MD77,Senvion SE,Германия,,,
http://www.wikidata.org/entity/Q11240969,RIT-10,EADS Astrium,Франция,,,
http://www.wikidata.org/entity/Q7276897,RK 215,MAN,Германия,,,
http://www.wikidata.org/entity/Q7276897,RK 215,Ruston & Hornsby,Великобритания,,,
http://www.wikidata.org/entity/Q7276897,RK 215,DESA,Иран,,,
http://www.wikidata.org/entity/Q31281954,RL-10A-4-1,Pratt & Whitney,США,,,
http://www.wikidata.org/entity/Q31281955,RL-10A-4-2,Pratt & Whitney,США,,,
http://www.wikidata.org/entity/Q31281956,RL-10A-5,Pratt & Whitney,США,,,
http://www.wikidata.org/entity/Q31281957,RL-10B-2,Pratt & Whitney,США,,,
http://www.wikidata.org/entity/Q124651095,RL-10C-1-1,Aerojet Rocketdyne,США,,,
http://www.wikidata.org/entity/Q124651096,RL-10C-2,Aerojet Rocketdyne,США,RL-10C-3,,
http://www.wikidata.org/entity/Q124651098,RL-10C-3,Aerojet Rocketdyne,США,,,
http://www.wikidata.org/entity/Q124651099,RL-10C-X,Aerojet Rocketdyne,США,,,
http://www.wikidata.org/entity/Q1627278,RT.172 Adour,Rolls-Royce Turbomeca Limited,Великобритания,,,
http://www.wikidata.org/entity/Q91310417,Raptor Vacuum,SpaceX,США,,,
http://www.wikidata.org/entity/Q91308734,Raptor sea-level,SpaceX,США,,,
http://www.wikidata.org/entity/Q504411,Reaction Motors XLR11,Reaction Motors,США,,,
http://www.wikidata.org/entity/Q15125625,Renault 12Fe,Renault,Франция,,12,
http://www.wikidata.org/entity/Q15063150,Renault 8C,Renault,Франция,,,воздух
http://www.wikidata.org/entity/Q47015003,Renault 8Fg,Renault,Франция,,8,
http://www.wikidata.org/entity/Q109689466,Renault F1N,Renault,Франция,,4,этиленгликоль
http://www.wikidata.org/entity/Q109689501,Renault F4P,Renault,Франция,,4,этиленгликоль
http://www.wikidata.org/entity/Q109689508,Renault F4R,Renault,Франция,,4,этиленгликоль
http://www.wikidata.org/entity/Q109689530,Renault F5R,Renault,Франция,,4,этиленгликоль
http://www.wikidata.org/entity/Q109689537,Renault F7P,Renault,Франция,,4,этиленгликоль
http://www.wikidata.org/entity/Q5424258,Renault F7R,Renault,Франция,,4,этиленгликоль
http://www.wikidata.org/entity/Q109904819,Renault F9Q 664,Renault,Франция,,4,этиленгликоль
http://www.wikidata.org/entity/Q109847609,Renault F9Q 680,Renault,Франция,,4,этиленгликоль
http://www.wikidata.org/entity/Q109846487,Renault F9Q 710,Renault,Франция,,4,этиленгликоль
http://www.wikidata.org/entity/Q109846690,Renault F9Q 716,Renault,Франция,,4,этиленгликоль
http://www.wikidata.org/entity/Q109846919,Renault F9Q 718,Renault,Франция,,4,этиленгликоль
http://www.wikidata.org/entity/Q109852842,Renault F9Q 722,Renault,Франция,,4,этиленгликоль
http://www.wikidata.org/entity/Q109852912,Renault F9Q 730,Renault,Франция,,4,этиленгликоль
http://www.wikidata.org/entity/Q109875025,Renault F9Q 731,Renault,Франция,,4,этиленгликоль
http://www.wikidata.org/entity/Q109875368,Renault F9Q 732,Renault,Франция,,4,этиленгликоль
http://www.wikidata.org/entity/Q109875432,Renault F9Q 733,Renault,Франция,,4,этиленгликоль
http://www.wikidata.org/entity/Q109875656,Renault F9Q 734,Renault,Франция,,4,этиленгликоль
http://www.wikidata.org/entity/Q109875708,Renault F9Q 736,Renault,Франция,,4,этиленгликоль
http://www.wikidata.org/entity/Q109876082,Renault F9Q 738,Renault,Франция,,4,этиленгликоль
http://www.wikidata.org/entity/Q109876161,Renault F9Q 744,Renault,Франция,,4,этиленгликоль
http://www.wikidata.org/entity/Q109903843,Renault F9Q 750,Renault,Франция,,4,этиленгликоль
http://www.wikidata.org/entity/Q109904436,Renault F9Q 751,Renault,Франция,,4,этиленгликоль
http://www.wikidata.org/entity/Q109904480,Renault F9Q 752,Renault,Франция,,4,этиленгликоль
http://www.wikidata.org/entity/Q109904530,Renault F9Q 754,Renault,Франция,,4,этиленгликоль
http://www.wikidata.org/entity/Q109904584,Renault F9Q 758,Renault,Франция,,4,этиленгликоль
http://www.wikidata.org/entity/Q109904688,Renault F9Q 759,Renault,Франция,,4,этиленгликоль
http://www.wikidata.org/entity/Q109905235,Renault F9Q 760,Renault,Франция,,4,этиленгликоль
http://www.wikidata.org/entity/Q109905340,Renault F9Q 762,Renault,Франция,,4,этиленгликоль
http://www.wikidata.org/entity/Q109847347,Renault G8T,Renault,Франция,,4,этиленгликоль
http://www.wikidata.org/entity/Q109849452,Renault G8T 714,Renault,Франция,,4,этиленгликоль
http://www.wikidata.org/entity/Q109849599,Renault G8T 716,Renault,Франция,,4,этиленгликоль
http://www.wikidata.org/entity/Q109847442,Renault G8T 760,Renault,Франция,,4,
http://www.wikidata.org/entity/Q109848199,Renault G9T 742,Renault,Франция,,4,этиленгликоль
http://www.wikidata.org/entity/Q130360828,Renault G9U,Renault,Франция,,4,этиленгликоль
http://www.wikidata.org/entity/Q131417202,Renault J7R,Française de Mécanique,Франция,,4,этиленгликоль
http://www.wikidata.org/entity/Q131417202,Renault J7R,Renault,Франция,,4,этиленгликоль
http://www.wikidata.org/entity/Q12333218,Renault J7T,Française de Mécanique,Франция,,4,этиленгликоль
http://www.wikidata.org/entity/Q12333218,Renault J7T,Renault,Франция,,4,этиленгликоль
http://www.wikidata.org/entity/Q137190787,Renault K4M,Renault,Франция,,4,этиленгликоль
http://www.wikidata.org/entity/Q50321056,Renault R.E.18 V6 1.6,Renault,Франция,,6,
http://www.wikidata.org/entity/Q15063156,Renault air-cooled V8 engine,Renault,Франция,,8,воздух
http://www.wikidata.org/entity/Q42376996,Roll-Out Solar Array,Deployable Space Systems,США,,,
http://www.wikidata.org/entity/Q112957409,Rolls-Royce AE 3007H,Rolls-Royce North America,США,,,
http://www.wikidata.org/entity/Q113023429,Rolls-Royce AE 3007N,Rolls-Royce,Великобритания,,,
http://www.wikidata.org/entity/Q7361315,Rolls-Royce Bergen C series,Bergen Engines,Норвегия,,,
http://www.wikidata.org/entity/Q7361317,Rolls-Royce C range engines,Rolls-Royce Limited,Великобритания,,,
http://www.wikidata.org/entity/Q15138499,Rolls-Royce Condor III,Rolls-Royce,Великобритания,,12,жидкость
http://www.wikidata.org/entity/Q15138507,Rolls-Royce Condor IIIB,Rolls-Royce,Великобритания,,12,жидкость
http://www.wikidata.org/entity/Q1757940,Rolls-Royce MT30,Rolls-Royce,Великобритания,Rolls-Royce Trent 800,,
http://www.wikidata.org/entity/Q18390983,Rolls-Royce Marine Olympus,Bristol Siddeley,Великобритания,,,
http://www.wikidata.org/entity/Q18390983,Rolls-Royce Marine Olympus,Rolls-Royce Limited,Великобритания,,,
http://www.wikidata.org/entity/Q7361328,Rolls-Royce Marine Spey,Rolls-Royce,Великобритания,Rolls-Royce Spey,,
http://www.wikidata.org/entity/Q7361335,Rolls-Royce PWR,Rolls-Royce Marine Power Operations,Великобритания,,,
http://www.wikidata.org/entity/Q185394,Rolls-Royce Soar,Rolls-Royce,Великобритания,,,
http://www.wikidata.org/entity/Q1456848,Rolls-Royce Spey,Rolls-Royce,Великобритания,,,
http://www.wikidata.org/entity/Q9070485,Rolls-Royce Trent 700,Rolls-Royce,Великобритания,,,
http://www.wikidata.org/entity/Q2168106,Rotax 582,Rotax,Канада,,2,жидкость
http://www.wikidata.org/entity/Q7370345,Rotax 637,Bombardier Recreational Products,Канада,,,
http://www.wikidata.org/entity/Q25203229,S400,Orbital Propulsion Centre,Германия,,,
http://www.wikidata.org/entity/Q3943820,SPA 6A,Società Piemontese Automobili,Италия,,,
http://www.wikidata.org/entity/Q123032958,SPT-140,ОКБ «Факел»,Россия,СПД-100,,
http://www.wikidata.org/entity/Q15155608,SR-1820-F2 Cyclone,Wright Aeronautical,США,,9,воздух
http://www.wikidata.org/entity/Q60469337,STAR,Northrop Grumman Space Systems,США,,,
http://www.wikidata.org/entity/Q9332398,SW-400,WSW Andoria,Польша,,,
http://www.wikidata.org/entity/Q4992102,Saab H engine,Saab Automobile AB,Швеция,,4,
http://www.wikidata.org/entity/Q135415085,Safran Aneto-1K,Турбомека,Франция,,,
http://www.wikidata.org/entity/Q85799137,Safran ENGINeUS,Safran SA,Франция,,,
http://www.wikidata.org/entity/Q7405591,Salmson water-cooled aircraft engine,Salmson,Франция,,,жидкая вода
http://www.wikidata.org/entity/Q23072584,Scania D11 (1963),Scania,Швеция,,6,
http://www.wikidata.org/entity/Q23073115,Scania D11 (1999),Scania,Швеция,,6,
http://www.wikidata.org/entity/Q10662417,Scania D12,Scania,Швеция,,6,
http://www.wikidata.org/entity/Q23073118,Scania D13,Scania,Швеция,,6,
http://www.wikidata.org/entity/Q23069729,Scania D14,Scania,Швеция,,8,
http://www.wikidata.org/entity/Q10662418,Scania D16 (2000),Scania,Швеция,,8,
http://www.wikidata.org/entity/Q23072583,Scania D8,Scania,Швеция,,6,
http://www.wikidata.org/entity/Q23073069,Scania D9 (1984),Scania,Швеция,,6,
http://www.wikidata.org/entity/Q23073095,Scania D9 (1996),Scania,Швеция,,6,
http://www.wikidata.org/entity/Q10662419,Scania D9 (2007),Scania,Швеция,,5,
http://www.wikidata.org/entity/Q131366785,Scania DS14,Scania,Швеция,,8,
http://www.wikidata.org/entity/Q10662423,Scania DSI14,Scania,Швеция,,,
http://www.wikidata.org/entity/Q23072769,Scania-Vabis D10,Scania,Швеция,,6,
http://www.wikidata.org/entity/Q70677881,Senvion 3.6M140,Senvion SE,Германия,,,
http://www.wikidata.org/entity/Q67702566,Senvion 3.7M144,Senvion SE,Германия,,,
http://www.wikidata.org/entity/Q116015156,Senvion 6.2M126,Senvion SE,Германия,,,
http://www.wikidata.org/entity/Q73745003,Senvion MM82,Senvion SE,Германия,,,
http://www.wikidata.org/entity/Q58206172,Senvion MM92,Senvion SE,Германия,,,
http://www.wikidata.org/entity/Q3238292,Shenyang J-5,Shenyang Aircraft Corporation,Китай,,,
http://www.wikidata.org/entity/Q117187920,Siemens Energy SGT5-9000HL,Siemens Energy AG,Германия,,,
http://www.wikidata.org/entity/Q117384194,Siemens Gamesa SG 11.0-200 DD,Siemens Gamesa,Испания,,,
http://www.wikidata.org/entity/Q117384194,Siemens Gamesa SG 11.0-200 DD,Siemens Gamesa,Германия,,,
http://www.wikidata.org/entity/Q115981191,Siemens Gamesa SG 14-222 DD,Siemens Gamesa,Испания,,,
http://www.wikidata.org/entity/Q115981191,Siemens Gamesa SG 14-222 DD,Siemens Gamesa,Германия,,,
http://www.wikidata.org/entity/Q123046900,Siemens Gamesa SG 14-236 DD,Siemens Gamesa,Испания,,,
http://www.wikidata.org/entity/Q123046900,Siemens Gamesa SG 14-236 DD,Siemens Gamesa,Германия,,,
http://www.wikidata.org/entity/Q75097105,Siemens Gamesa SG 3.4-132,Siemens Gamesa,Испания,,,
http://www.wikidata.org/entity/Q75097105,Siemens Gamesa SG 3.4-132,Siemens Gamesa,Германия,,,
http://www.wikidata.org/entity/Q113663114,Siemens Gamesa SG 8.0-167 DD,Siemens Gamesa,Испания,,,
http://www.wikidata.org/entity/Q113663114,Siemens Gamesa SG 8.0-167 DD,Siemens Gamesa,Германия,,,
http://www.wikidata.org/entity/Q58214692,Siemens Gamesa SWT-6.0-154,Siemens Gamesa,Испания,,,
http://www.wikidata.org/entity/Q58214692,Siemens Gamesa SWT-6.0-154,Siemens Gamesa,Германия,,,
http://www.wikidata.org/entity/Q106704423,Siemens Gamesa SWT-7.0-154,Siemens Gamesa,Испания,,,
http://www.wikidata.org/entity/Q106704423,Siemens Gamesa SWT-7.0-154,Siemens Gamesa,Германия,,,
http://www.wikidata.org/entity/Q123115620,Siemens Gamesa SWT-DD-130,Siemens Gamesa Renewable Energy,Испания,,,
http://www.wikidata.org/entity/Q115966886,Siemens SWT-2.3-82 VS,Siemens Gamesa,Испания,,,
http://www.wikidata.org/entity/Q115966886,Siemens SWT-2.3-82 VS,Siemens Gamesa,Германия,,,
http://www.wikidata.org/entity/Q91027400,Siemens SWT-2.3-93,Siemens Gamesa,Испания,,,
http://www.wikidata.org/entity/Q91027400,Siemens SWT-2.3-93,Siemens Gamesa,Германия,,,
http://www.wikidata.org/entity/Q115987482,Siemens SWT-3.0-101,Siemens Gamesa,Испания,,,
http://www.wikidata.org/entity/Q115987482,Siemens SWT-3.0-101,Siemens Gamesa,Германия,,,
http://www.wikidata.org/entity/Q115987539,Siemens SWT-3.0-108,Siemens Gamesa,Испания,,,
http://www.wikidata.org/entity/Q115987539,Siemens SWT-3.0-108,Siemens Gamesa,Германия,,,
http://www.wikidata.org/entity/Q115987543,Siemens SWT-3.0-113,Siemens Gamesa,Испания,,,
http://www.wikidata.org/entity/Q115987543,Siemens SWT-3.0-113,Siemens Gamesa,Германия,,,
http://www.wikidata.org/entity/Q115982992,Siemens SWT-3.2-101,Siemens Gamesa,Испания,,,
http://www.wikidata.org/entity/Q115982992,Siemens SWT-3.2-101,Siemens Gamesa,Германия,,,
http://www.wikidata.org/entity/Q106728642,Siemens SWT-3.6-107,Siemens Gamesa,Испания,,,
http://www.wikidata.org/entity/Q106728642,Siemens SWT-3.6-107,Siemens Gamesa,Германия,,,
http://www.wikidata.org/entity/Q115965464,Siemens SWT-3.6-120,Siemens Gamesa,Испания,,,
http://www.wikidata.org/entity/Q115965464,Siemens SWT-3.6-120,Siemens Gamesa,Германия,,,
http://www.wikidata.org/entity/Q71568101,Siemens SWT-4.0-130,Siemens Gamesa Renewable Energy,Испания,,,
http://www.wikidata.org/entity/Q116000178,Siemens SWT-8.0-154,Siemens Gamesa,Испания,,,
http://www.wikidata.org/entity/Q116000178,Siemens SWT-8.0-154,Siemens Gamesa,Германия,,,
http://www.wikidata.org/entity/Q3960201,Siemens-Halske Sh 11,Siemens & Halske,Германия,,7,
http://www.wikidata.org/entity/Q3960204,Siemens-Halske Sh 4,Siemens & Halske,Германия,,5,
http://www.wikidata.org/entity/Q3960206,Siemens-Halske Sh 5,Siemens & Halske,Германия,,7,
http://www.wikidata.org/entity/Q18011184,Snecma M53-P2,СНЕКМА,Франция,,,
http://www.wikidata.org/entity/Q137771835,SolidSail,Chantiers de l'Atlantique,Франция,,,
http://www.wikidata.org/entity/Q137771835,SolidSail,SolidSail Mast Factory,Франция,,,
http://www.wikidata.org/entity/Q15977211,Star 37,Thiokol,США,,,
http://www.wikidata.org/entity/Q111789224,Stellantis Hurricane,Stellantis,Нидерланды,,6,
http://www.wikidata.org/entity/Q136617164,Sulzer 10RTA96C,Sulzer,Швейцария,,,
http://www.wikidata.org/entity/Q30114353,Sulzer 12LVA24,Sulzer,Швейцария,,,
http://www.wikidata.org/entity/Q30114441,Sulzer 16LVA24,Sulzer,Швейцария,,,
http://www.wikidata.org/entity/Q126172773,Sulzer 6TW24,Sulzer,Швейцария,,6,
http://www.wikidata.org/entity/Q30114855,Sulzer 8LVA24,Sulzer,Швейцария,,8,
http://www.wikidata.org/entity/Q123356568,Sulzer 8RTA84,Sulzer,Швейцария,,8,
http://www.wikidata.org/entity/Q123367598,Sulzer 8ZA40S,Sulzer,Швейцария,,8,
http://www.wikidata.org/entity/Q123366666,Sulzer 8ZAL40S,Sulzer,Швейцария,,8,
http://www.wikidata.org/entity/Q124004046,Sulzer 9RTA84C,Sulzer,Швейцария,,,
http://www.wikidata.org/entity/Q131382109,Sulzer 9RTA96C,Sulzer,Швейцария,,,
http://www.wikidata.org/entity/Q30113882,Sulzer LDA,Sulzer,Швейцария,,,
http://www.wikidata.org/entity/Q2240047,T58,GE Aviation,США,,,
http://www.wikidata.org/entity/Q2240047,T58,IHI Corporation,Япония,,,
http://www.wikidata.org/entity/Q2240047,T58,Alfa Romeo Avio,Италия,,,
http://www.wikidata.org/entity/Q2240047,T58,KHD Humboldt Wedag,Германия,,,
http://www.wikidata.org/entity/Q117982610,T700-TEI-701D,Türk Havacılık ve Uzay Sanayii A.Ş.,Турция,,,
http://www.wikidata.org/entity/Q124313463,TALOS-150,Moog Inc.,США,,,
http://www.wikidata.org/entity/Q124313463,TALOS-150,Frontier Aerospace,США,,,
http://www.wikidata.org/entity/Q134013305,TEPREL-B,PLD Space,Испания,,,
http://www.wikidata.org/entity/Q134014559,TEPREL-C,PLD Space,Испания,,,
http://www.wikidata.org/entity/Q134013307,TEPREL-C Vacuum,PLD Space,Испания,,,
http://www.wikidata.org/entity/Q2574100,TF30,Pratt & Whitney,США,,,
http://www.wikidata.org/entity/Q15617955,TF33-P-3,Pratt & Whitney,США,,,
http://www.wikidata.org/entity/Q106296204,TIO-360,Лайкоминг,США,,,
http://www.wikidata.org/entity/Q105773036,TQ-12,LandSpace,Китай,,,
http://www.wikidata.org/entity/Q104904185,Tatra 103,Tatra,Чехия,,12,воздух
http://www.wikidata.org/entity/Q90986357,Thielert Centurion 4.0,Thielert,Германия,,,
http://www.wikidata.org/entity/Q110124181,Toyota G16E-GTS engine,Toyota,Япония,,3,
http://www.wikidata.org/entity/Q48752947,Toyota V35A-FTS engine,Toyota,Япония,,6,
http://www.wikidata.org/entity/Q7844560,Triumph Triple,Triumph,США,,,
http://www.wikidata.org/entity/Q7844560,Triumph Triple,Triumph,Великобритания,,,
http://www.wikidata.org/entity/Q431316,Turbomeca Arriel,Турбомека,Франция,,,
http://www.wikidata.org/entity/Q17407114,Turbomeca Arriel 1B,Турбомека,Франция,,,
http://www.wikidata.org/entity/Q17407116,Turbomeca Arriel 1D,Турбомека,Франция,,,
http://www.wikidata.org/entity/Q17407118,Turbomeca Arriel 1D1,Турбомека,Франция,,,
http://www.wikidata.org/entity/Q15896625,Turbomeca Arriel 1E,Турбомека,Франция,,,
http://www.wikidata.org/entity/Q17405091,Turbomeca Arriel 1E2,Турбомека,Франция,,,
http://www.wikidata.org/entity/Q17407124,Turbomeca Arriel 2B,Турбомека,Франция,,,
http://www.wikidata.org/entity/Q17407200,Turbomeca Arriel 2D,Турбомека,Франция,,,
http://www.wikidata.org/entity/Q17405097,Turbomeca Arriel 2E,Турбомека,Франция,,,
http://www.wikidata.org/entity/Q17407644,Turbomeca Arrius 1A,Турбомека,Франция,,,
http://www.wikidata.org/entity/Q17407645,Turbomeca Arrius 1A1,Турбомека,Франция,,,
http://www.wikidata.org/entity/Q7853906,Turbomeca Aubisque,Турбомека,Франция,,,
http://www.wikidata.org/entity/Q7853907,Turbomeca Gabizo,Турбомека,Франция,,,
http://www.wikidata.org/entity/Q201599,Turbomeca Makila,Турбомека,Франция,,,
http://www.wikidata.org/entity/Q7853909,Turbomeca TM 333,Турбомека,Франция,,,
http://www.wikidata.org/entity/Q18172997,Turbomeca Turmo IIIC4,Турбомека,Франция,,,
http://www.wikidata.org/entity/Q18173004,Turbomeca Turmo IVB,Турбомека,Франция,,,
http://www.wikidata.org/entity/Q18173054,Turbomeca Turmo IVC,Турбомека,Франция,,,
http://www.wikidata.org/entity/Q573253,ULPower UL260i,ULPower Aero Engines,Бельгия,,,
http://www.wikidata.org/entity/Q167745,V-1710,Аллисон,США,,12,
http://www.wikidata.org/entity/Q71812982,V136-3.45 MW,Vestas,Дания,,,
http://www.wikidata.org/entity/Q109783058,VM 82 A,VM Motori,Италия,,3,этиленгликоль
http://www.wikidata.org/entity/Q109783498,VM 96 A,VM Motori,Италия,,3,этиленгликоль
http://www.wikidata.org/entity/Q18049507,VO-435,Лайкоминг,США,,,
http://www.wikidata.org/entity/Q18049532,VO-540,Лайкоминг,США,,,
http://www.wikidata.org/entity/Q124544631,VR900,Intuitive Machines,США,,,
http://www.wikidata.org/entity/Q68061130,Vestas V112-3.0MW,Vestas,Дания,,,
http://www.wikidata.org/entity/Q123082742,Vestas V112-3.3 MW,Vestas,Дания,,,
http://www.wikidata.org/entity/Q115983164,Vestas V112-3.45 MW,MHI Vestas Offshore Wind,Дания,,,
http://www.wikidata.org/entity/Q67875072,Vestas V117,Vestas,Дания,,,
http://www.wikidata.org/entity/Q117805651,Vestas V117-4.2 MW,MHI Vestas Offshore Wind,Дания,,,
http://www.wikidata.org/entity/Q67447982,Vestas V126-3.45 MW,Vestas,Дания,,,
http://www.wikidata.org/entity/Q88511753,Vestas V136-3.60 MW,Vestas,Дания,,,
http://www.wikidata.org/entity/Q69218994,Vestas V150-4.2 MW,Vestas,Дания,,,
http://www.wikidata.org/entity/Q115966633,Vestas V164-10MW,MHI Vestas Offshore Wind,Дания,,,
http://www.wikidata.org/entity/Q115965748,Vestas V164-8.25MW,MHI Vestas Offshore Wind,Дания,,,
http://www.wikidata.org/entity/Q115966552,Vestas V164-9.5MW,MHI Vestas Offshore Wind,Дания,,,
http://www.wikidata.org/entity/Q128996353,Vestas V174-9.5MW,MHI Vestas Offshore Wind,Дания,,,
http://www.wikidata.org/entity/Q116294259,Vestas V236-15.0 MW,Vestas,Дания,,,
http://www.wikidata.org/entity/Q122703701,Vestas V27,Vestas,Дания,,,
http://www.wikidata.org/entity/Q129158175,Vestas V39-500 kW,Vestas,Дания,,,
http://www.wikidata.org/entity/Q72984585,Vestas V66,Vestas,Дания,,,
http://www.wikidata.org/entity/Q75804037,Vestas V80,Vestas,Дания,,,
http://www.wikidata.org/entity/Q124286001,Vestas V82-1.5 MW,Vestas,Дания,,,
http://www.wikidata.org/entity/Q114559582,Vestas V82-1.65 MW,Vestas,Дания,,,
http://www.wikidata.org/entity/Q124286122,Vestas V90-1.8MW,Vestas,Дания,,,
http://www.wikidata.org/entity/Q7923392,Vestas V90-2MW,Vestas,Дания,,,
http://www.wikidata.org/entity/Q7929406,Vikas,Godrej & Boyce,Индия,,,
http://www.wikidata.org/entity/Q137506794,Viking 4,Société européenne de propulsion,Франция,,,
http://www.wikidata.org/entity/Q137565431,Viking 4B,Société européenne de propulsion,Франция,,,
http://www.wikidata.org/entity/Q137506793,Viking 5,Société européenne de propulsion,Франция,,,
http://www.wikidata.org/entity/Q137565432,Viking 5B,Société européenne de propulsion,Франция,,,
http://www.wikidata.org/entity/Q137582533,Viking 5C,Société européenne de propulsion,Франция,,,
http://www.wikidata.org/entity/Q1785430,Vinci,ArianeGroup,Франция,,,
http://www.wikidata.org/entity/Q1785430,Vinci,ArianeGroup,Германия,,,
http://www.wikidata.org/entity/Q7941282,Volvo B18 engine,Volvo Cars,Швеция,,,
http://www.wikidata.org/entity/Q106224773,Volvo D16A-520,Volvo,Швеция,,,
http://www.wikidata.org/entity/Q106087427,Volvo Penta D1-13,Volvo Penta,Швеция,,2,
http://www.wikidata.org/entity/Q131366643,Volvo Penta D13,Volvo Penta,Швеция,,6,
http://www.wikidata.org/entity/Q134738865,Volvo Penta MD 11C,Volvo Penta,Швеция,,2,
http://www.wikidata.org/entity/Q126183505,Volvo TAMD 163A,Volvo,Швеция,,6,
http://www.wikidata.org/entity/Q9369180,Vulcain,GKN,Великобритания,,,
http://www.wikidata.org/entity/Q9369180,Vulcain,СНЕКМА,Франция,,,
http://www.wikidata.org/entity/Q9369180,Vulcain,Avio,Италия,,,
http://www.wikidata.org/entity/Q65276603,Vulcain 2,GKN,Великобритания,,,
http://www.wikidata.org/entity/Q65276603,Vulcain 2,СНЕКМА,Франция,,,
http://www.wikidata.org/entity/Q65276603,Vulcain 2,Avio,Италия,,,
http://www.wikidata.org/entity/Q124077192,Vulcain 2.1,GKN,Великобритания,,,
http://www.wikidata.org/entity/Q124077192,Vulcain 2.1,СНЕКМА,Франция,,,
http://www.wikidata.org/entity/Q124077192,Vulcain 2.1,Avio,Италия,,,
http://www.wikidata.org/entity/Q7964337,Walter Bora,Walter Aircraft Engines,Чехия,,9,
http://www.wikidata.org/entity/Q55637364,Walter Junior,Walter Aircraft Engines,Чехия,,4,
http://www.wikidata.org/entity/Q2545479,Walter M601,Walter Aircraft Engines,Чехия,,,
http://www.wikidata.org/entity/Q61523205,Walter Major 4,Walter Aircraft Engines,Чехия,,4,воздух
http://www.wikidata.org/entity/Q69746540,Walter Major 6,Walter Aircraft Engines,Чехия,,6,
http://www.wikidata.org/entity/Q28404921,Walter Mars I,Walter Aircraft Engines,Чехия,,9,
http://www.wikidata.org/entity/Q61728073,Walter Minor 4,Walter Aircraft Engines,Чехия,,4,
http://www.wikidata.org/entity/Q69746610,Walter Minor 6,Walter Aircraft Engines,Чехия,,6,
http://www.wikidata.org/entity/Q4017975,Walter Mistral,Walter Aircraft Engines,Чехия,,,
http://www.wikidata.org/entity/Q1770785,Walter NZ 120,Walter Aircraft Engines,Чехия,,9,воздух
http://www.wikidata.org/entity/Q3510742,Walter NZ 60,Walter Aircraft Engines,Чехия,,5,
http://www.wikidata.org/entity/Q10839341,Walter NZ-85,Walter Aircraft Engines,Чехия,,7,
http://www.wikidata.org/entity/Q63954436,Walter Pegas,Walter Aircraft Engines,Чехия,,9,воздух
http://www.wikidata.org/entity/Q7965853,Walter Polaris,Walter Aircraft Engines,Чехия,,3,воздух
http://www.wikidata.org/entity/Q31170,Walter Pollux,Walter Aircraft Engines,Чехия,,9,воздух
http://www.wikidata.org/entity/Q965222,Walter Sagitta,Walter Aircraft Engines,Чехия,,12,
http://www.wikidata.org/entity/Q7966088,Walter Scolar,Walter Aircraft Engines,Чехия,,,
http://www.wikidata.org/entity/Q15027318,Walter Super Castor IMR,Walter Aircraft Engines,Чехия,,,
http://www.wikidata.org/entity/Q7966334,Walter Vega,Walter Aircraft Engines,Чехия,,5,воздух
http://www.wikidata.org/entity/Q10839507,Walter W-IV,Walter Aircraft Engines,Чехия,,6,жидкая вода
http://www.wikidata.org/entity/Q130343662,Warner Super Scarab,Warner Aircraft Corporation,США,Warner Scarab,,
http://www.wikidata.org/entity/Q8038267,Wright T-3 Tornado,Wright Aeronautical,США,,12,воздух
http://www.wikidata.org/entity/Q98364307,Wärtsilä 12V32D,Wärtsilä,Финляндия,,,
http://www.wikidata.org/entity/Q135470372,Wärtsilä 12V46DF,Wärtsilä,Финляндия,,12,
http://www.wikidata.org/entity/Q135470371,Wärtsilä 14V46DF,Wärtsilä,Финляндия,,14,
http://www.wikidata.org/entity/Q98363595,Wärtsilä 16V32D,Wärtsilä,Финляндия,,,
http://www.wikidata.org/entity/Q71123558,Wärtsilä 18V32LN,Wärtsilä,Финляндия,,,
http://www.wikidata.org/entity/Q71021152,Wärtsilä 18V46,Wärtsilä,Финляндия,,,
http://www.wikidata.org/entity/Q131521546,Wärtsilä 20DF,Wärtsilä,Финляндия,,,
http://www.wikidata.org/entity/Q11902535,Wärtsilä 46,Wärtsilä,Финляндия,,,
http://www.wikidata.org/entity/Q73464946,Wärtsilä 50DF,Wärtsilä,Финляндия,,,
http://www.wikidata.org/entity/Q116225238,Wärtsilä 6L32,Wärtsilä,Финляндия,,6,
http://www.wikidata.org/entity/Q131576275,Wärtsilä 8ZA40S,Wärtsilä,Финляндия,,8,
http://www.wikidata.org/entity/Q131353456,Wärtsilä 9L34DF,Wärtsilä,Финляндия,,9,
http://www.wikidata.org/entity/Q131521524,Wärtsilä 9L46DF,Wärtsilä,Финляндия,,9,
http://www.wikidata.org/entity/Q119953064,Wärtsilä Vasa 32,Wärtsilä,Финляндия,,,
http://www.wikidata.org/entity/Q131363603,Wärtsilä Vasa 814 TK,Wärtsilä,Финляндия,,8,
http://www.wikidata.org/entity/Q9383009,X-248,Thiokol,США,,,
http://www.wikidata.org/entity/Q115307714,X-248A,Thiokol,США,,,
http://www.wikidata.org/entity/Q115308205,X-258,Thiokol,США,,,
http://www.wikidata.org/entity/Q25313430,XIPS-25,L-3 Communications,США,,,
http://www.wikidata.org/entity/Q9383083,XLR-89-5,Rocketdyne,США,,,
http://www.wikidata.org/entity/Q112083388,YF-102,Academy of Aerospace Liquid Propulsion Technology,Китай,,,
http://www.wikidata.org/entity/Q20936584,YF-115,Academy of Aerospace Liquid Propulsion Technology,Китай,,,
http://www.wikidata.org/entity/Q138424835,YF-209V,Academy of Aerospace Liquid Propulsion Technology,Китай,YF-209,,
http://www.wikidata.org/entity/Q106122262,Yanmar 1GM10,Yanmar,Япония,,,
http://www.wikidata.org/entity/Q131917298,Yanmar 6EY18AL,Yanmar,Япония,,6,
http://www.wikidata.org/entity/Q248152,Zündapp 9-092,Zündapp,Германия,,,
http://www.wikidata.org/entity/Q1050821,de Havilland Spectre,De Havilland,Великобритания,,,
http://www.wikidata.org/entity/Q55617501,list of WWII Maybach engines,Maybach-Motorenbau,Германия,,12,жидкая вода
http://www.wikidata.org/entity/Q15011646,Škoda L,Škoda Works,Чехия,,12,
http://www.wikidata.org/entity/Q15011646,Škoda L,Škoda Works,Чехословакия,,12,
http://www.wikidata.org/entity/Q12379762,11Д458,Конструкторское бюро химического машиностроения им. А. М. Исаева,Россия,,,
http://www.wikidata.org/entity/Q7830899,2uz-fe,Toyota,Япония,,,
http://www.wikidata.org/entity/Q405284,6Г72,Mitsubishi Motors,Япония,,6,
http://www.wikidata.org/entity/Q4651083,ADC Cirrus,Blackburn Aircraft,Великобритания,,,воздух
http://www.wikidata.org/entity/Q4032928,ALCO 539T,American Locomotive Company,США,,,
http://www.wikidata.org/entity/Q3610942,Alfa Romeo 115,Alfa Romeo Avio,Италия,Gipsy Queen,6,воздух
http://www.wikidata.org/entity/Q3610946,Alfa Romeo 125,Alfa Romeo Avio,Италия,Bristol Jupiter,9,воздух
http://www.wikidata.org/entity/Q3610946,Alfa Romeo 125,Alfa Romeo Avio,Италия,Bristol Pegasus,9,воздух
http://www.wikidata.org/entity/Q1115666,Alfa Romeo D2,Alfa Romeo Avio,Италия,,9,воздух
http://www.wikidata.org/entity/Q652115,Argus As 10,Argus Motoren,Германия,,8,воздух
http://www.wikidata.org/entity/Q652115,Argus As 10,Argus Motoren,Германский рейх,,8,воздух
http://www.wikidata.org/entity/Q3622473,Argus As 8,Argus Motoren,Германия,,4,воздух
http://www.wikidata.org/entity/Q3622473,Argus As 8,Argus Motoren,Германский рейх,,4,воздух
http://www.wikidata.org/entity/Q4793969,Armstrong Siddeley Cheetah,Armstrong Siddeley,Великобритания,,,
http://www.wikidata.org/entity/Q4793979,Armstrong Siddeley Jaguar,Armstrong Siddeley,Великобритания,,14,воздух
http://www.wikidata.org/entity/Q689344,Armstrong Siddeley Lynx,Armstrong Siddeley,Великобритания,,,
http://www.wikidata.org/entity/Q923665,Atar,СНЕКМА,Франция,,,
http://www.wikidata.org/entity/Q4034663,Azipod,ABB,Швейцария,,,
http://www.wikidata.org/entity/Q18205474,BE-4,Blue Origin,США,,,
http://www.wikidata.org/entity/Q787396,BMW 003,Q26678,Германия,,,
http://www.wikidata.org/entity/Q787396,BMW 003,Горьковский автомобильный завод,Россия,,,
http://www.wikidata.org/entity/Q787396,BMW 003,Горьковский автомобильный завод,СССР,,,
http://www.wikidata.org/entity/Q796376,BMW 132,Q26678,Германия,,9,воздух
http://www.wikidata.org/entity/Q796416,BMW 801,Q26678,Германия,,,
http://www.wikidata.org/entity/Q17097763,BMW B48,Q26678,Германия,,4,
http://www.wikidata.org/entity/Q19835062,BMW B57,Q26678,Германия,,6,
http://www.wikidata.org/entity/Q19835063,BMW B58,Q26678,Германия,,6,
http://www.wikidata.org/entity/Q796553,BMW M10,Q26678,Германия,,4,
http://www.wikidata.org/entity/Q767185,BMW N63,Q26678,Германия,,8,
http://www.wikidata.org/entity/Q796641,BMW N73,Q26678,Германия,,12,
http://www.wikidata.org/entity/Q796637,BMW N74,Q26678,Германия,,12,
http://www.wikidata.org/entity/Q85859638,BMW S58,Q26678,Германия,,,
http://www.wikidata.org/entity/Q796760,BMW VI,Q26678,Германия,,12,жидкость
http://www.wikidata.org/entity/Q818446,Benz Bz.III,Benz & Cie.,Германия,,,жидкая вода
http://www.wikidata.org/entity/Q3638393,Benz Bz.IV,Benz & Cie.,Германия,,,
http://www.wikidata.org/entity/Q897594,Bramo 323 Fafnir,Brandenburgische Motorenwerke,Германия,Gnome-Rhône 9A Jupiter,9,
http://www.wikidata.org/entity/Q61418,Bristol Jupiter,«Бристоль»,Великобритания,,9,воздух
http://www.wikidata.org/entity/Q748146,Bristol Mercury,«Бристоль»,Великобритания,,9,воздух
http://www.wikidata.org/entity/Q917964,Bristol Pegasus,«Бристоль»,Великобритания,,9,воздух
http://www.wikidata.org/entity/Q1158698,Bristol Titan,«Бристоль»,Великобритания,,,воздух
http://www.wikidata.org/entity/Q39049911,Caterpillar 3116/3126/C7,Caterpillar,США,,6,
http://www.wikidata.org/entity/Q3866372,DMAX V6,Isuzu,Япония,,6,этиленгликоль
http://www.wikidata.org/entity/Q2376210,Daihatsu E,Daihatsu,Япония,,3,
http://www.wikidata.org/entity/Q11316919,Daihatsu K3,Daihatsu,Япония,,4,
http://www.wikidata.org/entity/Q901252,Daimler-Benz DB 601,Daimler-Benz,Германия,,12,жидкая вода
http://www.wikidata.org/entity/Q1157612,Daimler-Benz DB 603,Daimler-Benz,Германия,,12,
http://www.wikidata.org/entity/Q1157613,Daimler-Benz DB 605,Daimler-Benz,Германия,,12,
http://www.wikidata.org/entity/Q905371,De Havilland Gipsy,De Havilland,Великобритания,,4,
http://www.wikidata.org/entity/Q73931,Draco,SpaceX,США,,,
http://www.wikidata.org/entity/Q1423959,Duratec,Ford,США,,,
http://www.wikidata.org/entity/Q1342413,Engine Alliance GP7200,Engine Alliance,США,,,
http://www.wikidata.org/entity/Q73658,F-1,Rocketdyne,США,,,
http://www.wikidata.org/entity/Q18354795,Farman 12We,Фарман,Франция,,12,
http://www.wikidata.org/entity/Q3744424,Fiat A.74,Fiat Aviazione,Италия,,14,воздух
http://www.wikidata.org/entity/Q5467730,Ford Endura-D,Ford,США,,4,этиленгликоль
http://www.wikidata.org/entity/Q1437043,Ford Zetec,Ford,США,,4,жидкая вода
http://www.wikidata.org/entity/Q3756180,GM High Feature,General Motors,США,,6,
http://www.wikidata.org/entity/Q1501579,General Electric CF6,GE Aviation,США,,,
http://www.wikidata.org/entity/Q15618394,General Electric CF6-80C2,GE Aviation,США,,,
http://www.wikidata.org/entity/Q218657,General Electric F101,General Electric,США,,,
http://www.wikidata.org/entity/Q947434,General Electric F404,GE Aviation,США,,,
http://www.wikidata.org/entity/Q1501584,General Electric GEnx,GE Aviation,США,,,
http://www.wikidata.org/entity/Q631560,General Electric J79,General Electric,США,,,
http://www.wikidata.org/entity/Q1501589,General Electric J85,General Electric,США,,,
http://www.wikidata.org/entity/Q1195923,General Electric LM2500,GE Aviation,США,,,
http://www.wikidata.org/entity/Q17103978,General Electric TF34,GE Aviation,США,,,
http://www.wikidata.org/entity/Q4224572,Gnome Lambda,Daimler Motor Company,Великобритания,,,воздух
http://www.wikidata.org/entity/Q4224572,Gnome Lambda,Motorenfabrik Oberursel,Германский рейх,,,воздух
http://www.wikidata.org/entity/Q4224572,Gnome Lambda,Гном-Рон,Франция,,,воздух
http://www.wikidata.org/entity/Q602185,Gnome et Rhône 14N,Гном-Рон,Франция,,14,
http://www.wikidata.org/entity/Q1564032,HM-7B,СНЕКМА,Франция,,,
http://www.wikidata.org/entity/Q1564032,HM-7B,Société européenne de propulsion,Франция,,,
http://www.wikidata.org/entity/Q3785791,Hirth HM 504,Hirth aircraft engines,Германия,,,
http://www.wikidata.org/entity/Q1461826,Hispano-Suiza 8,Hispano-Suiza,Испания,,8,жидкая вода
http://www.wikidata.org/entity/Q1461826,Hispano-Suiza 8,Hispano-Suiza,Франция,,8,жидкая вода
http://www.wikidata.org/entity/Q1461826,Hispano-Suiza 8,Škoda Works,Чехия,,8,жидкая вода
http://www.wikidata.org/entity/Q1461826,Hispano-Suiza 8,Škoda Works,Чехословакия,,8,жидкая вода
http://www.wikidata.org/entity/Q5892440,Honda E0,Honda,Япония,,,
http://www.wikidata.org/entity/Q4919287,Honda H двигатель,Honda,Япония,,,
http://www.wikidata.org/entity/Q5892528,Honda J25A,Honda,Япония,,6,жидкая вода
http://www.wikidata.org/entity/Q1970846,Honda K двигатель,Honda,Япония,,4,
http://www.wikidata.org/entity/Q5892543,Honda L двигатель,Honda,Япония,,4,жидкая вода
http://www.wikidata.org/entity/Q265917,Honda N двигатель,Honda,Япония,,,
http://www.wikidata.org/entity/Q5892669,Honda R двигатель,Honda,Япония,,4,жидкая вода
http://www.wikidata.org/entity/Q3803334,Isotta Fraschini Delta,Isotta Fraschini,Италия,,12,воздух
http://www.wikidata.org/entity/Q1675698,Iveco Cursor,FPT Industrial,Италия,,6,
http://www.wikidata.org/entity/Q967676,J-2,Rocketdyne,США,,,
http://www.wikidata.org/entity/Q1969611,J57,Pratt & Whitney,США,,,
http://www.wikidata.org/entity/Q104626495,J57-P-1W,Pratt & Whitney,США,,,
http://www.wikidata.org/entity/Q15617285,J57-P-43W,Pratt & Whitney,США,,,
http://www.wikidata.org/entity/Q688730,J75,Pratt & Whitney,США,,,
http://www.wikidata.org/entity/Q106868861,J75-P-13B,Pratt & Whitney,США,,,
http://www.wikidata.org/entity/Q695801,Junkers Jumo 004,Junkers,Германский рейх,,,
http://www.wikidata.org/entity/Q695801,Junkers Jumo 004,Климов,Россия,,,
http://www.wikidata.org/entity/Q529545,Junkers Jumo 205,Junkers,Германский рейх,,6,
http://www.wikidata.org/entity/Q699433,Junkers Jumo 211,Junkers,Германский рейх,,12,жидкость
http://www.wikidata.org/entity/Q1738041,Liberty L-12,Buick,США,,12,жидкая вода
http://www.wikidata.org/entity/Q1738041,Liberty L-12,Ford,США,,12,жидкая вода
http://www.wikidata.org/entity/Q20909638,Limbach L550E,Limbach,Германия,,,
http://www.wikidata.org/entity/Q3121573,Lorraine 12E Courlis,Лорен-Дитрих,Франция,,12,жидкость
http://www.wikidata.org/entity/Q125153037,MAN 9S90ME-C,MAN Diesel SE,Германия,,9,
http://www.wikidata.org/entity/Q29032410,MB 533 Ka-500,MTU ONSITE,Германия,,,
http://www.wikidata.org/entity/Q25508741,MR-107,General Dynamics,США,,,
http://www.wikidata.org/entity/Q25508741,MR-107,Aerojet Rocketdyne,США,,,
http://www.wikidata.org/entity/Q3853166,Maybach Mb.IVa,Maybach-Motorenbau,Германия,,,
http://www.wikidata.org/entity/Q4896397,Mazda MZR,Mazda,Япония,,4,
http://www.wikidata.org/entity/Q3507848,Mercedes D.IV,Mercedes-Benz,Германия,,8,жидкая вода
http://www.wikidata.org/entity/Q3507878,Mercedes D.IVa,Daimler-Motoren-Gesellschaft,Германский рейх,,,жидкая вода
http://www.wikidata.org/entity/Q65044680,Mercedes-Benz M139,Mercedes-Benz,Германия,,4,
http://www.wikidata.org/entity/Q18025781,Mercedes-Benz M176/M177/M178,Mercedes-Benz,Германия,,,
http://www.wikidata.org/entity/Q20661941,Mercedes-Benz M256,Mercedes-Benz,Германия,,6,
http://www.wikidata.org/entity/Q55812,Mercedes-Benz M270,Mercedes-Benz,Германия,,4,
http://www.wikidata.org/entity/Q1921267,Mercedes-Benz M276,Mercedes-Benz,Германия,,,
http://www.wikidata.org/entity/Q19339284,Mercedes-Benz M281,Mercedes-Benz,Германия,,3,
http://www.wikidata.org/entity/Q1921277,Mercedes-Benz OM646 (двигатель),Mercedes-Benz Group,Германия,,4,
http://www.wikidata.org/entity/Q20827287,Mercedes-Benz OM654,Mercedes-Benz Group,Германия,,4,
http://www.wikidata.org/entity/Q405050,Mitsubishi 3G8,Mitsubishi Motors,Япония,,3,
http://www.wikidata.org/entity/Q3859557,Mitsubishi 4A9,Mitsubishi Motors,Япония,,4,
http://www.wikidata.org/entity/Q405090,Mitsubishi 4B1,Mitsubishi Motors,Япония,,4,
http://www.wikidata.org/entity/Q55641115,Mitsubishi 4B4,Mitsubishi Motors,Япония,,4,
http://www.wikidata.org/entity/Q405071,Mitsubishi 4G54,Mitsubishi Motors,Япония,,4,
http://www.wikidata.org/entity/Q25110127,Mitsubishi 4J1,Mitsubishi Motors,Япония,,4,
http://www.wikidata.org/entity/Q3866348,Mitsubishi 4N1,Mitsubishi Motors,Япония,,4,
http://www.wikidata.org/entity/Q6882999,Mitsubishi 8A8,Mitsubishi Motors,Япония,,,
http://www.wikidata.org/entity/Q2723523,Mitsubishi Kinsei,Mitsubishi Heavy Industries,Япония,,14,
http://www.wikidata.org/entity/Q405060,Mitsubishi Vulcan,Mitsubishi Motors,Япония,,2,
http://www.wikidata.org/entity/Q6151214,NZ,Toyota,Япония,,4,
http://www.wikidata.org/entity/Q288955,Olympus 593,Rolls-Royce Limited,Великобритания,,,
http://www.wikidata.org/entity/Q288955,Olympus 593,СНЕКМА,Франция,,,
http://www.wikidata.org/entity/Q609878,PPS-1350,Safran SA,Франция,,,
http://www.wikidata.org/entity/Q109706284,PSA DW10ATED,Groupe PSA,Франция,,4,этиленгликоль
http://www.wikidata.org/entity/Q109705701,PSA DW10TD,Groupe PSA,Франция,,4,этиленгликоль
http://www.wikidata.org/entity/Q109784421,PSA DW10UTD,Groupe PSA,Франция,,4,этиленгликоль
http://www.wikidata.org/entity/Q109704861,PSA DW8 B L4,Groupe PSA,Франция,,4,этиленгликоль
http://www.wikidata.org/entity/Q109704955,PSA DW8 B W4,Groupe PSA,Франция,,4,этиленгликоль
http://www.wikidata.org/entity/Q109704759,PSA DW8 L3,Groupe PSA,Франция,,4,этиленгликоль
http://www.wikidata.org/entity/Q3888203,PSA EB,Groupe PSA,Франция,,,
http://www.wikidata.org/entity/Q3888203,PSA EB,Stellantis,Нидерланды,,,
http://www.wikidata.org/entity/Q109779583,PSA RFL,Groupe PSA,Франция,,4,этиленгликоль
http://www.wikidata.org/entity/Q1913266,PSA TU,Française de Mécanique,Франция,,,
http://www.wikidata.org/entity/Q109779366,PSA XU10 J2U,Groupe PSA,Франция,,4,
http://www.wikidata.org/entity/Q108501488,PSA XU8T,Groupe PSA,Франция,,4,
http://www.wikidata.org/entity/Q109766848,PSA XUD11 BTE,Groupe PSA,Франция,,4,этиленгликоль
http://www.wikidata.org/entity/Q109713356,PSA XUD7 T/K,Groupe PSA,Франция,,4,этиленгликоль
http://www.wikidata.org/entity/Q109713959,PSA XUD7 TE,Groupe PSA,Франция,,4,этиленгликоль
http://www.wikidata.org/entity/Q109742877,PSA XUD9 B,Groupe PSA,Франция,,4,
http://www.wikidata.org/entity/Q109742914,PSA XUD9 BSD,Groupe PSA,Франция,,4,
http://www.wikidata.org/entity/Q109742886,PSA XUD9 SD,Groupe PSA,Франция,,4,
http://www.wikidata.org/entity/Q109715576,PSA XUD9 TE/L,Groupe PSA,Франция,,4,этиленгликоль
http://www.wikidata.org/entity/Q109742864,PSA XUD9 TE/Y,Groupe PSA,Франция,,4,этиленгликоль
http://www.wikidata.org/entity/Q2061540,Pratt & Whitney Canada PT6,Pratt & Whitney Canada,Канада,,,
http://www.wikidata.org/entity/Q1154115,Pratt & Whitney F100,Pratt & Whitney Canada,Канада,,,
http://www.wikidata.org/entity/Q1368421,Pratt & Whitney F135,Pratt & Whitney,США,,,
http://www.wikidata.org/entity/Q2004495,Pratt & Whitney J58-P4,Pratt & Whitney,США,,,
http://www.wikidata.org/entity/Q635740,Pratt & Whitney JT12,Pratt & Whitney,США,,,
http://www.wikidata.org/entity/Q2107961,Pratt & Whitney JT3D,Pratt & Whitney,США,,,
http://www.wikidata.org/entity/Q2107964,Pratt & Whitney JT8D,Pratt & Whitney,США,,,
http://www.wikidata.org/entity/Q940491,Pratt & Whitney PW1000G,Pratt & Whitney,США,,,
http://www.wikidata.org/entity/Q1466591,Pratt & Whitney PW2000,Pratt & Whitney,США,,,
http://www.wikidata.org/entity/Q128862,Pratt & Whitney PW4000,Pratt & Whitney,США,,,
http://www.wikidata.org/entity/Q2092558,Pratt & Whitney R-1830 Twin Wasp,Pratt & Whitney,США,,,
http://www.wikidata.org/entity/Q1851343,Pratt & Whitney R-2800,Pratt & Whitney,США,,18,
http://www.wikidata.org/entity/Q2107993,Pratt & Whitney R-4360,Pratt & Whitney,США,,28,
http://www.wikidata.org/entity/Q1813047,Pratt & Whitney R-985,Pratt & Whitney,США,,9,
http://www.wikidata.org/entity/Q59742,R-1300 Cyclone 7,Curtiss-Wright,США,,,
http://www.wikidata.org/entity/Q1852043,R-1340 Wasp,Pratt & Whitney,США,,9,воздух
http://www.wikidata.org/entity/Q1813068,R-1690 Hornet,Pratt & Whitney,США,,9,
http://www.wikidata.org/entity/Q1078024,R-1820 Cyclone 9,Curtiss-Wright,США,,9,
http://www.wikidata.org/entity/Q15138585,R-1820-19 Cyclone 9,Wright Aeronautical,США,,9,воздух
http://www.wikidata.org/entity/Q15138536,R-1820-33 Cyclone 9,Wright Aeronautical,США,,9,воздух
http://www.wikidata.org/entity/Q15015299,R-1820-82WA Cyclone 9,Curtiss-Wright,США,,9,
http://www.wikidata.org/entity/Q1659797,R-2600 Twin Cyclone,Curtiss-Wright,США,,14,
http://www.wikidata.org/entity/Q786848,R-3350 Duplex Cyclone,Curtiss-Wright,США,,18,
http://www.wikidata.org/entity/Q3110657,RB25DE,Nissan,Япония,,,
http://www.wikidata.org/entity/Q21072743,RED A03,RED aircraft GmbH,Германия,,12,
http://www.wikidata.org/entity/Q967724,RL-10,Aerojet Rocketdyne,США,,,
http://www.wikidata.org/entity/Q1030042,RS-25,Рокетдайн,США,,,
http://www.wikidata.org/entity/Q1030042,RS-25,Rocketdyne,США,,,
http://www.wikidata.org/entity/Q1030042,RS-25,Aerojet Rocketdyne,США,,,
http://www.wikidata.org/entity/Q968432,RS-68,Рокетдайн,США,,,
http://www.wikidata.org/entity/Q968432,RS-68,Aerojet Rocketdyne,США,,,
http://www.wikidata.org/entity/Q578088,Renault 8,Renault,Франция,,,жидкая вода
http://www.wikidata.org/entity/Q109689519,Renault F4RT,Renault,Франция,,4,этиленгликоль
http://www.wikidata.org/entity/Q109689553,Renault F8M,Renault,Франция,,4,этиленгликоль
http://www.wikidata.org/entity/Q109689562,Renault F8Q,Renault,Франция,,4,
http://www.wikidata.org/entity/Q109905477,Renault F9Q 770,Renault,Франция,,4,этиленгликоль
http://www.wikidata.org/entity/Q109906551,Renault F9Q 772,Renault,Франция,,4,этиленгликоль
http://www.wikidata.org/entity/Q109906631,Renault F9Q 774,Renault,Франция,,4,этиленгликоль
http://www.wikidata.org/entity/Q109830894,Renault S8U 772,Renault,Франция,,4,этиленгликоль
http://www.wikidata.org/entity/Q109941424,Renault ZD3 200,Nissan,Япония,,4,этиленгликоль
http://www.wikidata.org/entity/Q109941524,Renault ZD3 202,Nissan,Япония,,4,этиленгликоль
http://www.wikidata.org/entity/Q109941561,Renault ZD3 A 600,Nissan,Япония,,4,этиленгликоль
http://www.wikidata.org/entity/Q2164321,Rolls-Royce Avon,Volvo,Швеция,,,
http://www.wikidata.org/entity/Q2164321,Rolls-Royce Avon,Rolls-Royce Limited,Великобритания,,,
http://www.wikidata.org/entity/Q903799,Rolls-Royce Condor,Rolls-Royce,Великобритания,,12,жидкость
http://www.wikidata.org/entity/Q2164330,Rolls-Royce Eagle,Rolls-Royce,Великобритания,,12,жидкость
http://www.wikidata.org/entity/Q2164325,Rolls-Royce Griffon,Rolls-Royce,Великобритания,,12,
http://www.wikidata.org/entity/Q2164346,Rolls-Royce Kestrel,Rolls-Royce,Великобритания,,12,жидкость
http://www.wikidata.org/entity/Q1412885,Rolls-Royce Merlin,Rolls-Royce,Великобритания,,12,
http://www.wikidata.org/entity/Q1477280,Rolls-Royce R,Rolls-Royce Limited,Великобритания,,,
http://www.wikidata.org/entity/Q1636078,Rolls-Royce RB211,Rolls-Royce,Великобритания,,,
http://www.wikidata.org/entity/Q1738127,Rolls-Royce Trent,Rolls-Royce,Великобритания,,,
http://www.wikidata.org/entity/Q129249,Rolls-Royce Trent 900,Rolls-Royce,Великобритания,,,
http://www.wikidata.org/entity/Q9312113,Rolls-Royce Trent XWB,Rolls-Royce,Великобритания,,,
http://www.wikidata.org/entity/Q2001893,Rolls-Royce Vulture,Rolls-Royce,Великобритания,,24,
http://www.wikidata.org/entity/Q2005638,Rotax 912,Rotax,Канада,,,
http://www.wikidata.org/entity/Q5949787,STAR 48,Thiokol,США,,,
http://www.wikidata.org/entity/Q23072787,Scania-Vabis D7,Scania,Швеция,,6,
http://www.wikidata.org/entity/Q3960202,Siemens & Halske Sh 12,Siemens & Halske,Германия,,9,
http://www.wikidata.org/entity/Q917172,Siemens & Halske Sh 14,Siemens & Halske,Германия,,,
http://www.wikidata.org/entity/Q11312637,Subaru FA,Subaru,Япония,,,
http://www.wikidata.org/entity/Q17183363,SuperDraco,SpaceX,США,,,
http://www.wikidata.org/entity/Q11311700,Suzuki K,Suzuki Motor Corporation,Япония,,,
http://www.wikidata.org/entity/Q11311702,Suzuki R,Suzuki Motor Corporation,Япония,,,
http://www.wikidata.org/entity/Q1637194,TRIGA,General Atomics,США,,,
http://www.wikidata.org/entity/Q4050801,Teledyne CAE J402,Teledyne Turbine Engines,США,,,
http://www.wikidata.org/entity/Q7830911,Toyota 4Y,Toyota,Япония,,,
http://www.wikidata.org/entity/Q55523172,Toyota A25A-FKS,Toyota,Япония,,4,
http://www.wikidata.org/entity/Q38279373,Toyota A25A-FXS,Toyota,Япония,,4,
http://www.wikidata.org/entity/Q60985818,Toyota Dynamic Force,Toyota,Япония,,6,
http://www.wikidata.org/entity/Q7830802,Toyota KD (двигатель),Toyota,Япония,,4,
http://www.wikidata.org/entity/Q86736983,Toyota M15A-FKS,Toyota,Япония,,3,
http://www.wikidata.org/entity/Q86736990,Toyota M15A-FXE,Toyota,Япония,,3,
http://www.wikidata.org/entity/Q86735776,Toyota M20A-FKS,Toyota,Япония,,4,
http://www.wikidata.org/entity/Q7830844,Toyota NR,Toyota,Япония,,4,
http://www.wikidata.org/entity/Q7830866,Toyota SZ,Daihatsu,Япония,,4,
http://www.wikidata.org/entity/Q7830866,Toyota SZ,Toyota,Япония,,4,
http://www.wikidata.org/entity/Q7830905,Toyota V,Toyota,Япония,,,
http://www.wikidata.org/entity/Q11321624,Toyota ZR,Toyota,Япония,,,
http://www.wikidata.org/entity/Q847984,Turbomeca Turmo,Турбомека,Франция,,,
http://www.wikidata.org/entity/Q1145799,V-1570 Conqueror,Curtiss Aeroplane and Motor Company,США,,12,жидкость
http://www.wikidata.org/entity/Q4017892,Walter Castor,Walter Aircraft Engines,Чехия,,7,
http://www.wikidata.org/entity/Q10839308,Walter Major,Walter Aircraft Engines,Чехия,,4,воздух
http://www.wikidata.org/entity/Q10839308,Walter Major,Walter Aircraft Engines,Чехия,,6,воздух
http://www.wikidata.org/entity/Q2545555,Walter Minor,Avia,Чехия,,,воздух
http://www.wikidata.org/entity/Q2545555,Walter Minor,Walter Aircraft Engines,Чехия,,,воздух
http://www.wikidata.org/entity/Q976186,Warner Scarab,Warner Aircraft Corporation,США,,,
http://www.wikidata.org/entity/Q1997125,Williams F107,Williams International,США,,,
http://www.wikidata.org/entity/Q1625442,Wärtsilä-Sulzer RTA96-C,Wärtsilä,Финляндия,,14,
http://www.wikidata.org/entity/Q720837,АИ-14,Воронежский механический завод,Россия,,9,воздух
http://www.wikidata.org/entity/Q720837,АИ-14,Q9380476,Польша,,9,воздух
http://www.wikidata.org/entity/Q4053965,АИ-24,ЗМКБ «Прогресс» им. академика А. Г. Ивченко,Украина,,,
http://www.wikidata.org/entity/Q432654,АИ-25,ЗМКБ «Прогресс» им. академика А. Г. Ивченко,Украина,,,
http://www.wikidata.org/entity/Q4053967,АИ-26,Мотор Сич,Украина,,,
http://www.wikidata.org/entity/Q4053967,АИ-26,PZL Rzeszów,Польша,,,
http://www.wikidata.org/entity/Q25327048,АИ-450,Мотор Сич,Украина,,,
http://www.wikidata.org/entity/Q4053968,АИ-4Г (АИ-4В),ЗМКБ «Прогресс» им. академика А. Г. Ивченко,Украина,,,
http://www.wikidata.org/entity/Q1322080,АЛ-31Ф,Сатурн (НПО),Россия,,,
http://www.wikidata.org/entity/Q1567667,АЛ-41Ф,Сатурн (НПО),Россия,,,
http://www.wikidata.org/entity/Q4054002,АЛ-41Ф1,Lyulka,СССР,,,
http://www.wikidata.org/entity/Q1075763,АЛ-7,Сатурн (НПО),Россия,,,
http://www.wikidata.org/entity/Q542975,АШ-21,конструкторском бюро под руководством А. Д. Швецова,СССР,,7,
http://www.wikidata.org/entity/Q669734,АШ-62,конструкторском бюро под руководством А. Д. Швецова,СССР,,9,
http://www.wikidata.org/entity/Q2451035,АШ-73,конструкторском бюро под руководством А. Д. Швецова,СССР,,18,
http://www.wikidata.org/entity/Q1422862,Боковой ускоритель МТКК Спейс шаттл,Thiokol,США,,,
http://www.wikidata.org/entity/Q1422862,Боковой ускоритель МТКК Спейс шаттл,Alliant Techsystems,США,,,
http://www.wikidata.org/entity/Q4101633,В-2,Завод имени Малышева,Украина,,12,
http://www.wikidata.org/entity/Q4101633,В-2,Челябинский тракторный завод,Россия,,12,
http://www.wikidata.org/entity/Q4101633,В-2,Волгоградский тракторный завод,Россия,,12,
http://www.wikidata.org/entity/Q4101631,В-92,Челябинский тракторный завод,Россия,,12,
http://www.wikidata.org/entity/Q390219,ВК-1,Климов,Россия,,,
http://www.wikidata.org/entity/Q689349,Вайпер,Bristol Siddeley,Великобритания,,,
http://www.wikidata.org/entity/Q689349,Вайпер,Rolls-Royce Limited,Великобритания,,,
http://www.wikidata.org/entity/Q689349,Вайпер,Armstrong Siddeley,Великобритания,,,
http://www.wikidata.org/entity/Q722271,Ветрогенератор Vestas V-90,Vestas,Дания,,,
http://www.wikidata.org/entity/Q369693,Гном Monosoupape,Гном-Рон,Франция,,,
http://www.wikidata.org/entity/Q902691,Гном-Рон «Мистраль мажор»,Пьяджо,Италия,,14,воздух
http://www.wikidata.org/entity/Q902691,Гном-Рон «Мистраль мажор»,Walter Aircraft Engines,Чехия,,14,воздух
http://www.wikidata.org/entity/Q902691,Гном-Рон «Мистраль мажор»,IAR,Румыния,,14,воздух
http://www.wikidata.org/entity/Q902691,Гном-Рон «Мистраль мажор»,Гном-Рон,Франция,,14,воздух
http://www.wikidata.org/entity/Q4153327,Д-136,ЗМКБ «Прогресс» им. академика А. Г. Ивченко,Украина,,,
http://www.wikidata.org/entity/Q287488,Д-18Т,Мотор Сич,Украина,,,
http://www.wikidata.org/entity/Q175481,Д-20,ОКБ Соловьёва,Россия,,,
http://www.wikidata.org/entity/Q1095278,Д-25,ОКБ Соловьёва,Россия,,,
http://www.wikidata.org/entity/Q1049409,Д-30,ОКБ Соловьёва,Россия,,,
http://www.wikidata.org/entity/Q1516558,Д-36,ЗМКБ «Прогресс» им. академика А. Г. Ивченко,Украина,,,
http://www.wikidata.org/entity/Q1591044,Д-436,ЗМКБ «Прогресс» им. академика А. Г. Ивченко,Украина,,,
http://www.wikidata.org/entity/Q1591044,Д-436,НПЦ газотурбостроения «Салют»,Россия,,,
http://www.wikidata.org/entity/Q4924661,Двигатели Toyota 1G,Toyota,Япония,,,
http://www.wikidata.org/entity/Q405218,Двигатель Mitsubishi 4G63,Mitsubishi Motors,Япония,,4,
http://www.wikidata.org/entity/Q405275,Двигатель Mitsubishi Orion,Mitsubishi Motors,Япония,,4,
http://www.wikidata.org/entity/Q405605,Двигатель Mitsubishi Saturn,Mitsubishi Motors,Япония,,4,
http://www.wikidata.org/entity/Q405605,Двигатель Mitsubishi Saturn,Mitsubishi Motors,Япония,,6,
http://www.wikidata.org/entity/Q3866350,Двигатель Nissan HR,Renault,Франция,,3,жидкая вода
http://www.wikidata.org/entity/Q3866350,Двигатель Nissan HR,Nissan,Япония,,3,жидкая вода
http://www.wikidata.org/entity/Q3866350,Двигатель Nissan HR,Renault,Франция,,4,жидкая вода
http://www.wikidata.org/entity/Q3866350,Двигатель Nissan HR,Nissan,Япония,,4,жидкая вода
http://www.wikidata.org/entity/Q60787099,Двигатель Nissan KR,Nissan,Япония,,,
http://www.wikidata.org/entity/Q1993706,Двигатель Nissan MA,Nissan,Япония,,4,
http://www.wikidata.org/entity/Q1436806,Двигатель Nissan MR,Renault,Франция,,4,жидкая вода
http://www.wikidata.org/entity/Q1436806,Двигатель Nissan MR,Nissan,Япония,,4,жидкая вода
http://www.wikidata.org/entity/Q11509806,Двигатель Nissan QR,Nissan,Япония,,4,
http://www.wikidata.org/entity/Q7041077,Двигатель Nissan VK,Nissan,Япония,,,
http://www.wikidata.org/entity/Q3866352,Двигатель Nissan VQ,Nissan,Япония,,6,этиленгликоль
http://www.wikidata.org/entity/Q4352293,Двигатель Nissan YD,Nissan,Япония,,,
http://www.wikidata.org/entity/Q7830734,Двигатель Toyota AD,Toyota,Япония,,4,
http://www.wikidata.org/entity/Q7830736,Двигатель Toyota AR,Toyota,Япония,,4,
http://www.wikidata.org/entity/Q7830739,Двигатель Toyota AZ,Toyota,Япония,,,
http://www.wikidata.org/entity/Q7830753,Двигатель Toyota B,Toyota,Япония,,,
http://www.wikidata.org/entity/Q7830758,Двигатель Toyota C,Toyota,Япония,,,
http://www.wikidata.org/entity/Q7830785,Двигатель Toyota F,Toyota,Япония,,,
http://www.wikidata.org/entity/Q115237606,Двигатель Toyota F33A,Toyota,Япония,,6,
http://www.wikidata.org/entity/Q7830783,Двигатель Toyota FZ,Toyota,Япония,,,
http://www.wikidata.org/entity/Q20038327,Двигатель Toyota GD,Toyota,Япония,,4,
http://www.wikidata.org/entity/Q7830788,Двигатель Toyota GR,Toyota,Япония,,,
http://www.wikidata.org/entity/Q7830789,Двигатель Toyota GZ,Toyota,Япония,,12,
http://www.wikidata.org/entity/Q7830796,Двигатель Toyota H,Toyota,Япония,,,
http://www.wikidata.org/entity/Q7830793,Двигатель Toyota HD,Toyota,Япония,,,
http://www.wikidata.org/entity/Q7830795,Двигатель Toyota HZ,Toyota,Япония,,,
http://www.wikidata.org/entity/Q3866371,Двигатель Toyota KR,Daihatsu,Япония,,3,
http://www.wikidata.org/entity/Q7830806,Двигатель Toyota KZ,Toyota,Япония,,4,
http://www.wikidata.org/entity/Q7830809,Двигатель Toyota L,Toyota,Япония,,,
http://www.wikidata.org/entity/Q7830810,Двигатель Toyota LR,Toyota,Япония,,10,
http://www.wikidata.org/entity/Q7830819,Двигатель Toyota M,Toyota,Япония,,6,
http://www.wikidata.org/entity/Q7830817,Двигатель Toyota MZ,Toyota,Япония,,6,
http://www.wikidata.org/entity/Q7830843,Двигатель Toyota ND,Toyota,Япония,,4,
http://www.wikidata.org/entity/Q4351923,Двигатель Toyota R,Toyota,Япония,,,
http://www.wikidata.org/entity/Q82735,Двигатель Toyota S,Toyota,Япония,,4,
http://www.wikidata.org/entity/Q7830883,Двигатель Toyota TR,Toyota,Япония,,4,
http://www.wikidata.org/entity/Q4118249,Двигатель Toyota UR,Toyota,Япония,,,
http://www.wikidata.org/entity/Q7830901,Двигатель Toyota VD,Toyota,Япония,,8,
http://www.wikidata.org/entity/Q7830904,Двигатель Toyota VZ,Toyota,Япония,,,
http://www.wikidata.org/entity/Q7830914,Двигатель Toyota ZZ,Toyota,Япония,,,
http://www.wikidata.org/entity/Q43319269,ЗИЛ-131,Завод имени Лихачёва,Россия,,8,
http://www.wikidata.org/entity/Q26789521,ЗМЗ-41,Горьковский автомобильный завод,Россия,,8,
http://www.wikidata.org/entity/Q26789521,ЗМЗ-41,Горьковский автомобильный завод,СССР,,8,
http://www.wikidata.org/entity/Q4206320,КДУ-414,Конструкторское бюро химического машиностроения им. А. М. Исаева,Россия,,,
http://www.wikidata.org/entity/Q108936914,Кузнецова ТВ-2,Самарский научно-технический комплекс имени Н. Д. Кузнецова,Россия,,,
http://www.wikidata.org/entity/Q742981,М-11,конструкторском бюро под руководством А. Д. Швецова,СССР,,5,воздух
http://www.wikidata.org/entity/Q474611,М-14П,Воронежский механический завод,Россия,,,
http://www.wikidata.org/entity/Q371480,М-25,конструкторском бюро под руководством А. Д. Швецова,СССР,,9,
http://www.wikidata.org/entity/Q977186,НК-12,Самарский научно-технический комплекс имени Н. Д. Кузнецова,Россия,,,
http://www.wikidata.org/entity/Q2635817,НК-32,Самарский научно-технический комплекс имени Н. Д. Кузнецова,Россия,,,
http://www.wikidata.org/entity/Q3199364,НК-8,Самарский научно-технический комплекс имени Н. Д. Кузнецова,Россия,,,
http://www.wikidata.org/entity/Q3199367,НК-86,Самарский научно-технический комплекс имени Н. Д. Кузнецова,Россия,,,
http://www.wikidata.org/entity/Q4341007,ПД-14,Авиадвигатель,Россия,,,
http://www.wikidata.org/entity/Q615977,ПС-90А,Авиадвигатель,Россия,,,
http://www.wikidata.org/entity/Q163941,Паровоз О,Коломенский завод,Россия,,,
http://www.wikidata.org/entity/Q647286,Р-11-300,СССР,СССР,,,
http://www.wikidata.org/entity/Q2551425,Р15Б-300,НПЦ газотурбостроения «Салют»,Россия,,,
http://www.wikidata.org/entity/Q11833004,РД-0109,Воронежский механический завод,Россия,,,
http://www.wikidata.org/entity/Q11833004,РД-0109,Конструкторское бюро химавтоматики,Россия,,,
http://www.wikidata.org/entity/Q620359,РД-0124,Ракетно-космический центр «Прогресс»,Россия,,,
http://www.wikidata.org/entity/Q620359,РД-0124,Воронежский механический завод,Россия,,,
http://www.wikidata.org/entity/Q731319,РД-180,НПО Энергомаш,Россия,,,
http://www.wikidata.org/entity/Q1141312,РД-191,НПО Энергомаш,Россия,,,
http://www.wikidata.org/entity/Q1786759,РД-253,НПО Энергомаш,Россия,,,
http://www.wikidata.org/entity/Q1193142,РД-33,Климов,Россия,,,
http://www.wikidata.org/entity/Q20022804,РД-843,Южмаш,Украина,RD-869,,
http://www.wikidata.org/entity/Q22145759,Резерфорд,Rocket Lab,США,,,
http://www.wikidata.org/entity/Q4402922,С5.98М,Конструкторское бюро химического машиностроения им. А. М. Исаева,Россия,,,
http://www.wikidata.org/entity/Q1263822,Система орбитального маневрирования,Аэроджет,США,,,
http://www.wikidata.org/entity/Q30892511,ТВ7-117,Климов,Россия,,,
http://www.wikidata.org/entity/Q1410423,ТВД-10,Омское моторостроительное конструкторское бюро,Россия,,,
http://www.wikidata.org/entity/Q4449042,ТРДД-50,Сатурн (НПО),Россия,,,
http://www.wikidata.org/entity/Q4476623,Урал-63095,Уральский автомобильный завод,Россия,,,
http://www.wikidata.org/entity/Q2368062,ЧС2,Škoda Works,Чехия,,,
http://www.wikidata.org/entity/Q2368062,ЧС2,Škoda Works,Чехословакия,,,
http://www.wikidata.org/entity/Q1953127,ЧС2Т,Škoda Works,Чехия,,,
http://www.wikidata.org/entity/Q1953127,ЧС2Т,Škoda Works,Чехословакия,,,
http://www.wikidata.org/entity/Q4506533,ЧС6,Škoda Works,Чехия,,,
http://www.wikidata.org/entity/Q4506533,ЧС6,Škoda Works,Чехословакия,,,
http://www.wikidata.org/entity/Q4535780,ЯАЗ-204,Ярославский моторный завод,Россия,ЯАЗ-206,4,
http://www.wikidata.org/entity/Q4535789,ЯМЗ-236/238,Ярославский моторный завод,Россия,,6,
http://www.wikidata.org/entity/Q4535789,ЯМЗ-236/238,Ярославский моторный завод,Россия,,8,
http://www.wikidata.org/entity/Q2061130,двигатель Toyota JZ,Toyota,Япония,,6,
